barcode,tf
AAGCCTCTCTTGA,PGR
ACACAGCTTCTTG,CLOCK
ACCGGTTAGTTGG,SREBF1
AGTGATAGTGACC,CEBPA
AGTTAACTGCCGA,ONECUT1
AGTTGCCTCATTG,CLOCK
ATACCTTCTCTGG,SOX9
CTCTTGAAGACGA,PGR
CTGCCTCAGCATT,FOXO1
CTTGGATAGACA,RANDOM3_2_mCMV
CTTGGATAGTGT,RANDOM3_1_hBGm
GGCCTTATTAGA,OTX1
GGTAGCTAGTCT,TFCP2L1
GTCTCTTGTTGTC,STAT1::STAT2
GTTGGCCTAGTTG,HNF1A
TACCAGCCTCTTG,THRA
TACGCCTCACGTT,FOXO1
TATCGTGTAGCGA,FOXO1
TCTGCGACATCTA,RFX1
TCTTAGTGCCTC,RANDOM2_1_Random
TGAGTAGCGAGC,RANDOM3_1_minP
TGCCTTAAGGAG,RANDOM1_1_hBGm
TTATACGCCTCG,TFCP2L1
TTGCCGACGATCT,SREBF1
TTGTGACCTCTTG,RFX1
AGCTAATCT,STAT6
CGGTTAGATAGCC,TFAP2A
GCTAACAGCCTTA,NFAT5
TACCTGTTGCTGG,TEAD1
TACTGGTGCGAC,ELK1_A
TCTATAGCCGCCT,STAT4
TGGTTGTTACGA,SP1
