well,barcode
A1,AACAAGGTAC
B1,AACAATCAGG
C1,AACATGGAGA
D1,AACATTACCG
E1,AACCGCGACT
F1,AACCGGAAGG
G1,AACCTCATAG
H1,AACGTAAGCT
I1,AAGACGGATT
J1,AAGATCGGCG
K1,AAGCGATGTT
L1,AAGCGTTCAG
M1,AAGGTCTGGA
N1,AAGTTAGCGC
O1,AATAGCCACA
P1,AATCACGCGA
A2,AACACCTAGT
B2,AACAGGCAAT
C2,AACCAGCCAG
D2,AACCAGTTGA
E2,AACCGGCGTA
F2,AACCTAGTCC
G2,AACTCTACAC
H2,AACTGTGTCA
I2,AAGATGTCCA
J2,AAGCATATGG
K2,AAGCTCACCT
L2,AAGGCATGCG
M2,AAGTTCCTTG
N2,AATACCGGTA
O2,AATCCATCTG
P2,AATCCGCTCC
A3,AATCCTACCA
B3,AATCGTCCGC
C3,AATGAGAGCA
D3,AATGTCAGTG
E3,ACAACAGTCG
F3,ACAACCATAC
G3,ACACAATCTC
H3,ACACAGTGAA
I3,ACACGGTCCT
J3,ACACTTGCTG
K3,ACCAGGACCA
L3,ACCATAACAC
M3,ACCGGTACAG
N3,ACCGTACTTC
O3,ACCTGTCCGA
P3,ACCTTATGTG
A4,AATGAACACG
B4,AATGACCTTC
C4,AATTAGGCCG
D4,AATTGCGATG
E4,ACAACGGAGC
F4,ACAAGCGCGA
G4,ACACCGAATT
H4,ACACGCAGTA
I4,ACAGTGCCAA
J4,ACATGTGTGC
K4,ACCGAACCGT
L4,ACCGAGAGTC
M4,ACCTCCGACA
N4,ACCTCTCTCC
O4,ACGAATGACA
P4,ACGCCTCAAC
A5,ACGCCTTCGT
B5,ACGCTGGATA
C5,ACGTGCTGAT
D5,ACTCCAAGCC
E5,ACTTAACTGC
F5,ACTTCATCAC
G5,ACTTGAGGAA
H5,ACTTGTAAGG
I5,AGACCGTTAT
J5,AGACTAGCAT
K5,AGAGTGTAAC
L5,AGAGTTCTGC
M5,AGCATGTCAT
N5,AGCCACTAGC
O5,AGCGATAACG
P5,AGCGTACAAT
A6,ACGGTCCGTT
B6,ACGTAGGCAC
C6,ACTGGCGCAT
D6,ACTGGCTTCC
E6,ACTTCGTTGA
F6,ACTTCTCCTG
G6,AGAACCACGG
H6,AGAAGCAATC
I6,AGAGATGCAG
J6,AGAGCTTACA
K6,AGATAGTGCT
L6,AGCAATGCGC
M6,AGCCAGAATA
N6,AGCCAGCTCT
O6,AGCTATTCCA
P6,AGCTCCTCAG
A7,AGGAGGCATA
B7,AGGCGTCTGT
C7,AGTAACTCAC
D7,AGTAAGCGTT
E7,AGTCTGTACG
F7,AGTGCAATGT
G7,ATAAGGTGCA
H7,ATACACGACA
I7,ATAGGCCATT
J7,ATATCCGCAT
K7,ATCCAATACG
L7,ATCCGCTGTG
M7,ATCGCGATTA
N7,ATCGGTAGGC
O7,ATGACTCAGT
P7,ATGCACCGGA
A8,AGGTATCCTC
B8,AGGTCACCAA
C8,AGTCCACGTA
D8,AGTCTCGGCA
E8,ATAACGCCTC
F8,ATAAGAGGTC
G8,ATACCTCCGG
H8,ATAGCAGTGC
I8,ATCAGCACTT
J8,ATCAGCGAGG
K8,ATCCGTCCAT
L8,ATCGACGGCT
M8,ATCTAAGGAG
N8,ATGACGGTAA
O8,ATGCGGACTG
P8,ATGCTTCCTA
A9,ATGGACCAAC
B9,ATGGTCTTAG
C9,ATTATCGGAC
D9,ATTCGGAACA
E9,CAAGATGAGG
F9,CAAGCCAACG
G9,CACGAGTCTG
H9,CACGCTCCAA
I9,CAGTGCTCTT
J9,CAGTTAAGCA
K9,CATGTACGCC
L9,CATTACACTG
M9,CCAAGGAGTT
N9,CCAATTGTTC
O9,CCATAACTTG
P9,CCATACTGAC
A10,ATGGTGAGCG
B10,ATGTGGAAGC
C10,CAACAATCCA
D10,CAAGAAGCAT
E10,CAAGTGGATC
F10,CACAGTTCAT
G10,CACTGAGCAC
H10,CAGATCAATG
I10,CATAGCTATC
J10,CATCACCACC
K10,CATTCGACGA
L10,CCAACTATGG
M10,CCACAAGTGC
N10,CCAGCTTAGT
O10,CCATAGATCA
P10,CCATGTGCTT
A11,CCATTCAGCG
B11,CCGAACAAGC
C11,CCGAATAGTG
D11,CCGACTTCTC
E11,CCGCGTTATG
F11,CCGCTAGCTT
G11,CCGGTCTCTA
H11,CCGTACGATG
I11,CCTAGTTGAG
J11,CCTATTCTGT
K11,CCTGATGCCA
L11,CCTGCAATAC
M11,CGAGGAACAA
N11,CGATAACCGC
O11,CGCCAGTGTT
P11,CGCCTTGTAC
A12,CCGAACCTAA
B12,CCGAAGACCT
C12,CCGATCCACT
D12,CCGATGATAC
E12,CCGGAGTATC
F12,CCGGCCAATT
G12,CCGTCAGAAC
H12,CCTAGACACG
I12,CCTCAACCGA
J12,CCTCCATAAG
K12,CCTTGTATTC
L12,CGAGATCTCT
M12,CGATCCTGTG
N12,CGCCAACCAT
O12,CGCGGATTCA
P12,CGCTTAAGGC
A13,CGCTTACTAA
B13,CGCTTCTTGG
C13,CGGAGATTGG
D13,CGGAGCTCAA
E13,CGGCAACTTA
F13,CGGCTCATCA
G13,CGTAACGGAT
H13,CGTAAGATTC
I13,CGTCCTAGGA
J13,CGTCGGCAAT
K13,CTAACTTCAG
L13,CTAATAGCGT
M13,CTATGAACGG
N13,CTCAAGGACC
O13,CTCGCAACGT
P13,CTCGTGCCTA
A14,CGGAAGCTGT
B14,CGGAATACAC
C14,CGGATCGGTA
D14,CGGATTCTAG
E14,CGGTCGTATT
F14,CGGTGACATC
G14,CGTACTGTAA
H14,CGTAGAAGAC
I14,CGTGAGTTAT
J14,CGTGTCAAGC
K14,CTACACCAGG
L14,CTAGCACAAT
M14,CTCACCTGTC
N14,CTCCTATTGT
O14,CTGGATTGAC
P14,CTGTAGTCAG
A15,CTGTCGCTTC
B15,CTGTCTGTGT
C15,CTTCATATCG
D15,CTTGCTGACG
E15,GAAGGATTAG
F15,GAATCGAGCC
G15,GACCATCTAA
H15,GACGACCACA
I15,GAGACATCTT
J15,GAGCGAGTCA
K15,GATAGACTGT
L15,GATAGAGGCG
M15,GATCTCATTC
N15,GATCTGGTCG
O15,GATGTGACAG
P15,GATTAAGTCC
A16,CTGTGCAACA
B16,CTTATGTTGC
C16,CTTGGATCTT
D16,GAAGAGTTCT
E16,GAATCTTCTC
F16,GAATTACGGC
G16,GAGAACGAAG
H16,GAGACAAGGC
I16,GAGTAGACCA
J16,GATACGCTTA
K16,GATAGGTCAA
L16,GATATCAGGA
M16,GATGAGTGAC
N16,GATGGATACA
O16,GATTGCACGC
P16,GCAAGCGAAT
A17,GCAATGTAAG
B17,GCACACTATA
C17,GCACTTAATC
D17,GCAGGAGATG
E17,GCATCCGATC
F17,GCCAAGTACA
G17,GCCATATCGA
H17,GCCGTCAATA
I17,GCTATTATCC
J17,GCTCAGTAAT
K17,GGACGATGCT
L17,GGCATCGTGA
M17,GGCGCTATAA
N17,GGCGTTAAGT
O17,GGTAATGTGT
P17,GGTGGTTGGA
A18,GCACTCGGAA
B18,GCACTGCGTT
C18,GCAGTACTGG
D18,GCATATGAGT
E18,GCCACGATTC
F18,GCCATAGGTT
G18,GCCTGGACAT
H18,GCGTAATTAC
I18,GCTGCTTATA
J18,GGAATAAGCA
K18,GGCATTATTG
L18,GGCCGAGATT
M18,GGCTATTGAT
N18,GGCTGCTACT
O18,GGTGTTCACC
P18,GGTTAGATCT
A19,GGTTATGGCG
B19,GGTTCACTGG
C19,GTAACCTTGG
D19,GTAAGAACCT
E19,GTATTGTGGA
F19,GTCCGCATCA
G19,GTCGGTGACA
H19,GTCTCGAGTG
I19,GTGACTATAC
J19,GTGGTTAATG
K19,GTTCATTGCC
L19,GTTCCGGTGA
M19,GTTGATCCGC
N19,GTTGTATGCT
O19,TAAGGTACGG
P19,TACGGACATA
A20,GGTTGTGCAA
B20,GTAACCAGTA
C20,GTAAGGCTCC
D20,GTAATCCACG
E20,GTCCTTCGGT
F20,GTCGCTCTCT
G20,GTCTCTTAAG
H20,GTCTTCCGAG
I20,GTGTGCCTGT
J20,GTGTGTGTCC
K20,GTTCGTCGAA
L20,GTTGAATTGG
M20,TAACCGTAGC
N20,TAACGTCGAT
O20,TACTACCGCC
P20,TACTGTCAAG
A21,TAGCGAACGC
B21,TAGCGCCAAC
C21,TAGTAGTCTC
D21,TAGTCCGCTG
E21,TATCGTTACG
F21,TCAAGTGCAG
G21,TCACGCCACT
H21,TCACGTTGGC
I21,TCCACGGTCA
J21,TCCACTCGCT
K21,TCCTAAGAGA
L21,TCCTCTAGTA
M21,TCGCACTTGA
N21,TCGCCTACTG
O21,TCTACATCCG
P21,TCTCCACATT
A22,TAGGACGCCT
B22,TAGGTTGCAA
C22,TAGTGGAACT
D22,TATCATGCAG
E22,TCACAGATAC
F22,TCACCGCCTA
G22,TCATTGTCCA
H22,TCCACACTAG
I22,TCCGACTAAC
J22,TCCGTTATCT
K22,TCGAAGCATT
L22,TCGAGAGAGC
M22,TCGCGTAGCA
N22,TCGGCGTTAA
O22,TCTCTCCTAT
P22,TCTTGCTCGG
A23,TGAACTAACC
B23,TGAAGAAGGT
C23,TGAGCGTTCC
D23,TGAGTACGTA
E23,TGGAATGGAG
F23,TGTCATTCGC
G23,TGTGCTTCAG
H23,TGTTCAGGAT
I23,TTACACACGT
J23,TTACTGTGAC
K23,TTATGCCGCG
L23,TTCACGGAAG
M23,TTCGAGTGAT
N23,TTCTGTACCT
O23,TTGGTAACAG
P23,TTGGTCAGTA
A24,TGAAGATCCA
B24,TGACCTGAGA
C24,TGCGCTCATT
D24,TGCGTGCTCA
E24,TGTGACGTGC
F24,TGTGCACTAA
G24,TGTTGTGACT
H24,TTAACGCTGA
I24,TTATAGGAGG
J24,TTATCGCGTT
K24,TTCAGGAGTA
L24,TTCCATCGAG
M24,TTGGCAATTC
N24,TTGGCTCCAC
O24,TTGTCGGCCA
P24,TTGTGTTCGA