,POU5F1,SOX2,POU5F1::SOX2,KLF4,ESRRB,TFCP2L1,ZFP42,ZFX,NR5A2,AR,ESR1,PGR,THRA,THRB,VDR,NR3C1,NR3C2,RARA,RARA::RXRA,RXRA,PPARA,PPARG,NR1H2,NR1H4,NR1I2,NR1I3,AHR::ARNT,MTF1,NFKB1,REL,NFATC1,NFAT5,STAT1,STAT1::2,STAT3,STAT4,STAT6,IRF1,IRF3,HSF1,NFE2L2,MAF::NFE2,ATF4,ATF6,XBP1,E2F1,MYC,MYBL2,FOS::JUN,FOSL1,ELK1,EGR1,SRF,ATF2,CREB1,TEAD1,TP53,SMAD2::3::4,SMAD4,RBPJ,TCF7,TCF7L2,GLI1,GATA1,GATA3,GATA4,ONECUT1,HNF1A,HNF4A,FOXA1,PAX6,NEUROG2,NFIA,IRX3,GBX2,OTX1,RORA,SOX9,RUNX2,MEF2A,WT1,GRHL1,TFAP2A,FOXO1,NR4A1,NR4A2,CLOCK,NR1D1,HIF1A,NRF1,TFEB,SREBF1,CEBPA,CEBPB,SP1,NFYA,POU2F1,RFX1,HOMEZ,ETS2
POU5F1,1,0.697,1,0.592,0.65,1,0.158,1,0.578,0.498,0.509,0.547,0.646,0.58,0.576,0.533,0.451,0.524,0.524,0.612,0.479,0.479,0.457,0.439,0.57,0.569,0.574,0.542,0.424,0.518,0.463,0.415,0.397,0.397,0.459,0.413,0.48,0.43,0.433,0.433,0.453,0.39,0.524,0.487,0.327,0.534,0.432,0.546,0.491,0.504,0.633,0.461,0.536,0.575,0.459,0.529,0.402,0.547,0.494,0.513,0.517,0.468,0.486,0.505,0.45,0.497,0.626,0.483,0.534,0.586,0.604,0.56,0.516,0.605,0.224,1,0.487,0.412,0.602,0.488,0.485,0.552,0.561,0.438,0.448,0.531,0.504,0.433,0.487,0.482,0.544,0.473,0.505,0.518,0.521,0.483,0.601,0.465,1,0.675
SOX2,0.697,1,0.697,0.613,0.573,0.939,0.197,0.939,0.457,0.528,0.507,0.422,0.545,0.508,0.578,0.452,0.365,0.532,0.532,0.555,0.471,0.525,0.451,0.464,0.513,0.493,0.516,0.439,0.454,0.428,0.466,0.399,0.565,0.565,0.597,0.465,0.466,0.469,0.397,0.392,0.406,0.31,0.512,0.507,0.411,0.498,0.546,0.393,0.435,0.367,0.516,0.454,0.519,0.451,0.444,0.463,0.512,0.583,0.594,0.502,0.447,0.574,0.538,0.527,0.557,0.533,0.463,0.32,0.523,0.589,0.604,0.422,0.307,0.455,0.303,1,0.512,0.567,0.581,0.512,0.532,0.37,0.568,0.502,0.504,0.535,0.467,0.481,0.51,0.337,0.426,0.374,0.546,0.468,0.405,0.302,0.518,0.279,0.939,0.535
POU5F1::SOX2,1,0.697,1,0.592,0.65,1,0.158,1,0.578,0.498,0.509,0.547,0.646,0.58,0.576,0.533,0.451,0.524,0.524,0.612,0.479,0.479,0.457,0.439,0.57,0.569,0.574,0.542,0.424,0.518,0.463,0.415,0.397,0.397,0.459,0.413,0.48,0.43,0.433,0.433,0.453,0.39,0.524,0.487,0.327,0.534,0.432,0.546,0.491,0.504,0.633,0.461,0.536,0.575,0.459,0.529,0.402,0.547,0.494,0.513,0.517,0.468,0.486,0.505,0.45,0.497,0.626,0.483,0.534,0.586,0.604,0.56,0.516,0.605,0.224,1,0.487,0.412,0.602,0.488,0.485,0.552,0.561,0.438,0.448,0.531,0.504,0.433,0.487,0.482,0.544,0.473,0.505,0.518,0.521,0.483,0.601,0.465,1,0.675
KLF4,0.592,0.613,0.592,1,0.549,1,0.129,1,0.449,0.546,0.489,0.483,0.529,0.483,0.562,0.504,0.38,0.542,0.542,0.489,0.521,0.553,0.497,0.496,0.492,0.463,0.532,0.419,0.494,0.495,0.444,0.437,0.506,0.506,0.52,0.416,0.466,0.486,0.443,0.451,0.513,0.276,0.534,0.444,0.455,0.562,0.526,0.441,0.458,0.425,0.479,0.485,0.519,0.552,0.465,0.441,0.488,0.519,0.518,0.497,0.457,0.503,0.458,0.513,0.51,0.474,0.446,0.385,0.49,0.478,0.492,0.402,0.39,0.426,0.186,1,0.531,0.498,0.577,0.452,0.522,0.395,0.552,0.506,0.515,0.485,0.476,0.509,0.548,0.371,0.451,0.425,0.548,0.513,0.528,0.384,0.477,0.335,1,0.5
ESRRB,0.65,0.573,0.65,0.549,1,1,0.184,1,0.619,0.515,0.488,0.572,0.654,0.586,0.527,0.562,0.514,0.497,0.497,0.581,0.454,0.446,0.492,0.438,0.58,0.583,0.511,0.557,0.402,0.425,0.503,0.466,0.372,0.372,0.411,0.428,0.483,0.427,0.395,0.454,0.445,0.429,0.508,0.545,0.368,0.543,0.416,0.598,0.5,0.503,0.616,0.437,0.508,0.527,0.484,0.616,0.388,0.475,0.437,0.489,0.512,0.464,0.503,0.474,0.427,0.451,0.612,0.542,0.531,0.54,0.543,0.542,0.516,0.57,0.236,1,0.498,0.44,0.646,0.509,0.488,0.539,0.542,0.447,0.486,0.527,0.494,0.435,0.437,0.524,0.491,0.473,0.511,0.501,0.525,0.552,0.588,0.451,1,0.653
TFCP2L1,1,0.939,1,1,1,1,0.075,1,0.939,1,1,1,1,0.814,0.814,1,1,0.814,0.814,1,0.814,1,0.814,1,0.939,0.814,1,1,0.814,0.814,0.814,0.814,0.814,0.814,1,0.814,1,0.814,0.814,1,1,0.695,1,1,0.814,0.939,1,1,1,1,1,1,0.814,1,0.814,0.814,0.939,0.814,0.814,0.814,1,1,0.814,0.814,0.814,0.939,0.939,1,1,1,1,1,0.939,1,0.066,0.814,0.939,0.814,1,0.814,1,1,1,0.814,0.814,0.814,1,0.814,1,1,0.939,1,0.939,0.939,1,0.939,0.814,1,1,1
ZFP42,0.158,0.197,0.158,0.129,0.184,0.075,1,0.075,0.151,0.204,0.106,0.128,0.111,0.134,0.18,0.096,0.113,0.137,0.137,0.148,0.105,0.148,0.097,0.111,0.123,0.134,0.147,0.207,0.095,0.114,0.174,0.142,0.136,0.136,0.143,0.128,0.122,0.143,0.118,0.125,0.105,0.196,0.129,0.194,0.144,0.131,0.141,0.215,0.106,0.1,0.133,0.125,0.171,0.129,0.11,0.209,0.141,0.156,0.153,0.191,0.126,0.162,0.164,0.236,0.215,0.244,0.149,0.091,0.139,0.177,0.221,0.172,0.066,0.172,0.322,0.062,0.134,0.229,0.173,0.196,0.296,0.123,0.197,0.145,0.171,0.173,0.147,0.109,0.114,0.138,0.21,0.091,0.184,0.212,0.095,0.06,0.139,0.098,0.075,0.235
ZFX,1,0.939,1,1,1,1,0.075,1,0.939,1,1,1,1,0.814,0.814,1,1,0.814,0.814,1,0.814,1,0.814,1,0.939,0.814,1,1,0.814,0.814,0.814,0.814,0.814,0.814,1,0.814,1,0.814,0.814,1,1,0.695,1,1,0.814,0.939,1,1,1,1,1,1,0.814,1,0.814,0.814,0.939,0.814,0.814,0.814,1,1,0.814,0.814,0.814,0.939,0.939,1,1,1,1,1,0.939,1,0.066,0.814,0.939,0.814,1,0.814,1,1,1,0.814,0.814,0.814,1,0.814,1,1,0.939,1,0.939,0.939,1,0.939,0.814,1,1,1
NR5A2,0.578,0.457,0.578,0.449,0.619,0.939,0.151,0.939,1,0.569,0.581,0.644,0.722,0.701,0.552,0.679,0.611,0.504,0.504,0.611,0.445,0.453,0.469,0.476,0.621,0.647,0.533,0.559,0.436,0.442,0.508,0.486,0.431,0.431,0.48,0.514,0.539,0.406,0.393,0.447,0.479,0.44,0.524,0.552,0.403,0.499,0.367,0.567,0.56,0.483,0.58,0.457,0.479,0.518,0.517,0.674,0.401,0.514,0.452,0.499,0.526,0.459,0.508,0.43,0.4,0.429,0.555,0.574,0.578,0.515,0.524,0.524,0.599,0.561,0.243,1,0.527,0.386,0.603,0.442,0.472,0.619,0.485,0.463,0.508,0.549,0.493,0.466,0.45,0.484,0.486,0.495,0.522,0.447,0.518,0.585,0.598,0.445,0.939,0.592
AR,0.498,0.528,0.498,0.546,0.515,1,0.204,1,0.569,1,0.71,0.708,0.643,0.617,0.604,0.731,0.642,0.68,0.68,0.573,0.519,0.56,0.453,0.554,0.595,0.578,0.584,0.407,0.552,0.513,0.539,0.543,0.526,0.526,0.579,0.546,0.609,0.507,0.458,0.539,0.558,0.281,0.576,0.566,0.497,0.585,0.565,0.488,0.572,0.492,0.466,0.515,0.495,0.514,0.595,0.548,0.545,0.549,0.531,0.53,0.532,0.548,0.556,0.536,0.536,0.496,0.417,0.398,0.496,0.531,0.421,0.397,0.398,0.386,0.133,1,0.576,0.525,0.58,0.497,0.533,0.38,0.532,0.506,0.58,0.612,0.591,0.522,0.592,0.399,0.467,0.466,0.535,0.525,0.484,0.438,0.534,0.352,1,0.458
ESR1,0.509,0.507,0.509,0.489,0.488,1,0.106,1,0.581,0.71,1,0.709,0.635,0.602,0.541,0.725,0.666,0.623,0.623,0.575,0.506,0.509,0.461,0.574,0.598,0.58,0.58,0.413,0.542,0.583,0.541,0.552,0.489,0.489,0.562,0.535,0.603,0.461,0.456,0.492,0.531,0.283,0.545,0.567,0.423,0.535,0.531,0.495,0.578,0.465,0.473,0.485,0.474,0.499,0.593,0.546,0.521,0.541,0.502,0.475,0.563,0.531,0.506,0.425,0.443,0.402,0.421,0.422,0.463,0.591,0.376,0.405,0.428,0.394,0.083,1,0.567,0.395,0.519,0.459,0.372,0.398,0.408,0.481,0.532,0.574,0.606,0.525,0.562,0.437,0.477,0.499,0.478,0.469,0.458,0.457,0.527,0.406,1,0.438
PGR,0.547,0.422,0.547,0.483,0.572,1,0.128,1,0.644,0.708,0.709,1,0.733,0.73,0.535,0.817,0.851,0.596,0.596,0.617,0.462,0.435,0.43,0.522,0.613,0.66,0.595,0.516,0.509,0.649,0.605,0.617,0.433,0.433,0.481,0.609,0.649,0.45,0.514,0.496,0.519,0.422,0.547,0.637,0.348,0.562,0.434,0.648,0.642,0.526,0.597,0.465,0.41,0.564,0.553,0.698,0.443,0.479,0.422,0.464,0.626,0.472,0.538,0.381,0.351,0.349,0.571,0.546,0.443,0.51,0.36,0.531,0.56,0.478,0.099,1,0.538,0.312,0.574,0.447,0.313,0.53,0.374,0.407,0.566,0.611,0.563,0.447,0.499,0.554,0.52,0.5,0.455,0.445,0.516,0.619,0.666,0.505,1,0.559
THRA,0.646,0.545,0.646,0.529,0.654,1,0.111,1,0.722,0.643,0.635,0.733,1,0.901,0.595,0.785,0.718,0.651,0.651,0.695,0.556,0.529,0.57,0.543,0.708,0.757,0.593,0.574,0.518,0.56,0.524,0.53,0.47,0.47,0.51,0.55,0.664,0.485,0.457,0.583,0.514,0.529,0.58,0.606,0.406,0.593,0.417,0.645,0.607,0.546,0.713,0.478,0.526,0.557,0.598,0.651,0.44,0.547,0.49,0.547,0.64,0.519,0.545,0.551,0.409,0.403,0.698,0.576,0.562,0.606,0.461,0.632,0.637,0.694,0.117,1,0.562,0.394,0.729,0.588,0.442,0.585,0.474,0.516,0.6,0.714,0.563,0.561,0.489,0.582,0.509,0.546,0.577,0.547,0.55,0.663,0.819,0.548,1,0.726
THRB,0.58,0.508,0.58,0.483,0.586,0.814,0.134,0.814,0.701,0.617,0.602,0.73,0.901,1,0.535,0.768,0.716,0.616,0.616,0.651,0.526,0.493,0.481,0.5,0.658,0.725,0.531,0.504,0.479,0.511,0.5,0.527,0.439,0.439,0.473,0.551,0.564,0.419,0.399,0.477,0.48,0.51,0.519,0.572,0.376,0.535,0.377,0.572,0.577,0.482,0.708,0.421,0.495,0.472,0.559,0.646,0.414,0.516,0.459,0.475,0.57,0.451,0.523,0.544,0.374,0.352,0.659,0.502,0.484,0.574,0.397,0.548,0.544,0.582,0.116,1,0.508,0.358,0.698,0.541,0.399,0.493,0.408,0.455,0.618,0.715,0.492,0.503,0.43,0.508,0.438,0.479,0.52,0.435,0.467,0.605,0.811,0.456,0.814,0.663
VDR,0.576,0.578,0.576,0.562,0.527,0.814,0.18,0.814,0.552,0.604,0.541,0.535,0.595,0.535,1,0.532,0.446,0.574,0.574,0.6,0.514,0.585,0.576,0.61,0.694,0.712,0.521,0.387,0.494,0.462,0.465,0.419,0.477,0.477,0.517,0.426,0.489,0.452,0.411,0.431,0.449,0.314,0.537,0.472,0.48,0.533,0.455,0.409,0.44,0.383,0.435,0.457,0.463,0.454,0.477,0.491,0.478,0.563,0.506,0.554,0.436,0.528,0.487,0.465,0.531,0.462,0.422,0.395,0.656,0.484,0.523,0.391,0.361,0.454,0.235,1,0.584,0.513,0.554,0.482,0.557,0.432,0.574,0.472,0.48,0.548,0.487,0.529,0.533,0.339,0.438,0.493,0.586,0.474,0.47,0.398,0.509,0.291,0.814,0.501
NR3C1,0.533,0.452,0.533,0.504,0.562,1,0.096,1,0.679,0.731,0.725,0.817,0.785,0.768,0.532,1,0.812,0.601,0.601,0.628,0.511,0.473,0.464,0.556,0.645,0.647,0.641,0.542,0.532,0.593,0.563,0.607,0.469,0.469,0.514,0.605,0.639,0.493,0.461,0.547,0.54,0.396,0.565,0.619,0.389,0.587,0.457,0.614,0.675,0.555,0.632,0.502,0.484,0.567,0.612,0.641,0.468,0.522,0.484,0.482,0.661,0.495,0.523,0.458,0.376,0.351,0.56,0.532,0.495,0.561,0.374,0.52,0.58,0.512,0.068,1,0.56,0.359,0.647,0.483,0.37,0.516,0.415,0.474,0.625,0.638,0.589,0.497,0.475,0.537,0.5,0.564,0.506,0.48,0.524,0.613,0.681,0.523,1,0.571
NR3C2,0.451,0.365,0.451,0.38,0.514,1,0.113,1,0.611,0.642,0.666,0.851,0.718,0.716,0.446,0.812,1,0.512,0.512,0.572,0.413,0.403,0.377,0.473,0.58,0.633,0.52,0.455,0.444,0.557,0.558,0.643,0.404,0.404,0.441,0.587,0.619,0.399,0.397,0.463,0.463,0.41,0.485,0.608,0.327,0.519,0.386,0.611,0.611,0.493,0.521,0.39,0.363,0.506,0.507,0.662,0.416,0.44,0.389,0.426,0.585,0.455,0.512,0.336,0.326,0.285,0.492,0.473,0.397,0.483,0.279,0.511,0.501,0.428,0.092,0.814,0.491,0.29,0.524,0.407,0.268,0.463,0.321,0.373,0.545,0.585,0.519,0.404,0.415,0.474,0.419,0.445,0.407,0.399,0.445,0.589,0.631,0.481,1,0.49
RARA,0.524,0.532,0.524,0.542,0.497,0.814,0.137,0.814,0.504,0.68,0.623,0.596,0.651,0.616,0.574,0.601,0.512,1,1,0.603,0.518,0.547,0.476,0.557,0.595,0.571,0.536,0.371,0.542,0.536,0.514,0.515,0.532,0.532,0.572,0.499,0.596,0.528,0.5,0.536,0.515,0.281,0.556,0.499,0.469,0.597,0.539,0.47,0.523,0.456,0.474,0.476,0.466,0.499,0.576,0.494,0.516,0.57,0.516,0.514,0.499,0.534,0.536,0.504,0.523,0.422,0.435,0.383,0.483,0.53,0.431,0.383,0.376,0.408,0.146,1,0.556,0.476,0.562,0.498,0.427,0.35,0.471,0.502,0.55,0.586,0.536,0.512,0.555,0.364,0.438,0.438,0.51,0.514,0.479,0.407,0.548,0.324,0.814,0.465
RARA::RXRA,0.524,0.532,0.524,0.542,0.497,0.814,0.137,0.814,0.504,0.68,0.623,0.596,0.651,0.616,0.574,0.601,0.512,1,1,0.603,0.518,0.547,0.476,0.557,0.595,0.571,0.536,0.371,0.542,0.536,0.514,0.515,0.532,0.532,0.572,0.499,0.596,0.528,0.5,0.536,0.515,0.281,0.556,0.499,0.469,0.597,0.539,0.47,0.523,0.456,0.474,0.476,0.466,0.499,0.576,0.494,0.516,0.57,0.516,0.514,0.499,0.534,0.536,0.504,0.523,0.422,0.435,0.383,0.483,0.53,0.431,0.383,0.376,0.408,0.146,1,0.556,0.476,0.562,0.498,0.427,0.35,0.471,0.502,0.55,0.586,0.536,0.512,0.555,0.364,0.438,0.438,0.51,0.514,0.479,0.407,0.548,0.324,0.814,0.465
RXRA,0.612,0.555,0.612,0.489,0.581,1,0.148,1,0.611,0.573,0.575,0.617,0.695,0.651,0.6,0.628,0.572,0.603,0.603,1,0.6,0.573,0.53,0.593,0.685,0.682,0.54,0.493,0.454,0.499,0.502,0.475,0.434,0.434,0.458,0.47,0.524,0.404,0.396,0.44,0.442,0.38,0.511,0.545,0.365,0.508,0.402,0.521,0.527,0.471,0.6,0.415,0.486,0.481,0.581,0.579,0.439,0.556,0.48,0.508,0.524,0.497,0.508,0.469,0.441,0.448,0.557,0.471,0.573,0.567,0.504,0.487,0.509,0.523,0.196,1,0.565,0.424,0.606,0.509,0.475,0.595,0.514,0.454,0.524,0.618,0.503,0.485,0.447,0.458,0.451,0.549,0.5,0.47,0.516,0.533,0.62,0.422,1,0.612
PPARA,0.479,0.471,0.479,0.521,0.454,0.814,0.105,0.814,0.445,0.519,0.506,0.462,0.556,0.526,0.514,0.511,0.413,0.518,0.518,0.6,1,0.701,0.603,0.573,0.567,0.541,0.482,0.338,0.49,0.451,0.391,0.401,0.44,0.44,0.47,0.399,0.431,0.416,0.366,0.402,0.429,0.254,0.536,0.409,0.405,0.466,0.413,0.386,0.437,0.376,0.433,0.43,0.443,0.399,0.506,0.399,0.45,0.452,0.432,0.413,0.404,0.422,0.392,0.429,0.413,0.341,0.383,0.359,0.533,0.445,0.372,0.347,0.349,0.384,0.111,1,0.572,0.402,0.499,0.405,0.382,0.426,0.4,0.481,0.426,0.501,0.499,0.622,0.463,0.339,0.454,0.569,0.462,0.434,0.397,0.377,0.457,0.302,0.814,0.417
PPARG,0.479,0.525,0.479,0.553,0.446,1,0.148,1,0.453,0.56,0.509,0.435,0.529,0.493,0.585,0.473,0.403,0.547,0.547,0.573,0.701,1,0.606,0.605,0.591,0.561,0.447,0.312,0.492,0.425,0.404,0.388,0.558,0.558,0.558,0.417,0.455,0.435,0.361,0.398,0.407,0.253,0.512,0.444,0.516,0.484,0.457,0.363,0.421,0.374,0.417,0.409,0.47,0.399,0.507,0.388,0.512,0.515,0.489,0.469,0.401,0.533,0.441,0.479,0.546,0.45,0.376,0.333,0.595,0.476,0.443,0.342,0.278,0.387,0.147,1,0.568,0.515,0.495,0.446,0.505,0.341,0.468,0.532,0.489,0.512,0.489,0.607,0.506,0.295,0.365,0.453,0.557,0.471,0.392,0.299,0.447,0.28,1,0.409
NR1H2,0.457,0.451,0.457,0.497,0.492,0.814,0.097,0.814,0.469,0.453,0.461,0.43,0.57,0.481,0.576,0.464,0.377,0.476,0.476,0.53,0.603,0.606,1,0.563,0.653,0.648,0.399,0.321,0.483,0.392,0.379,0.349,0.402,0.402,0.402,0.351,0.401,0.404,0.353,0.433,0.432,0.266,0.491,0.394,0.4,0.474,0.386,0.401,0.404,0.361,0.422,0.394,0.423,0.4,0.45,0.408,0.398,0.416,0.411,0.429,0.388,0.442,0.399,0.44,0.372,0.345,0.406,0.413,0.582,0.417,0.39,0.361,0.364,0.425,0.108,1,0.507,0.359,0.495,0.412,0.371,0.386,0.395,0.464,0.399,0.477,0.431,0.533,0.425,0.348,0.366,0.523,0.518,0.434,0.395,0.386,0.476,0.287,0.814,0.439
NR1H4,0.439,0.464,0.439,0.496,0.438,1,0.111,1,0.476,0.554,0.574,0.522,0.543,0.5,0.61,0.556,0.473,0.557,0.557,0.593,0.573,0.605,0.563,1,0.656,0.64,0.492,0.301,0.515,0.459,0.455,0.477,0.459,0.459,0.497,0.413,0.492,0.411,0.416,0.418,0.462,0.232,0.504,0.471,0.495,0.458,0.439,0.385,0.475,0.349,0.387,0.443,0.406,0.388,0.523,0.421,0.469,0.467,0.456,0.431,0.426,0.486,0.42,0.444,0.435,0.371,0.349,0.36,0.57,0.437,0.36,0.317,0.305,0.367,0.11,1,0.633,0.432,0.484,0.408,0.398,0.342,0.409,0.508,0.48,0.544,0.5,0.625,0.502,0.316,0.355,0.493,0.503,0.416,0.394,0.372,0.448,0.284,1,0.376
NR1I2,0.57,0.513,0.57,0.492,0.58,0.939,0.123,0.939,0.621,0.595,0.598,0.613,0.708,0.658,0.694,0.645,0.58,0.595,0.595,0.685,0.567,0.591,0.653,0.656,1,0.872,0.599,0.465,0.507,0.521,0.526,0.509,0.468,0.468,0.504,0.507,0.54,0.455,0.425,0.497,0.502,0.391,0.543,0.541,0.44,0.559,0.457,0.539,0.566,0.476,0.577,0.441,0.478,0.511,0.559,0.562,0.484,0.543,0.483,0.493,0.563,0.535,0.524,0.488,0.415,0.401,0.568,0.555,0.721,0.512,0.446,0.488,0.503,0.561,0.103,1,0.663,0.387,0.611,0.517,0.396,0.526,0.437,0.51,0.531,0.631,0.532,0.555,0.494,0.509,0.47,0.592,0.614,0.476,0.481,0.541,0.64,0.43,0.939,0.588
NR1I3,0.569,0.493,0.569,0.463,0.583,0.814,0.134,0.814,0.647,0.578,0.58,0.66,0.757,0.725,0.712,0.647,0.633,0.571,0.571,0.682,0.541,0.561,0.648,0.64,0.872,1,0.499,0.44,0.476,0.521,0.541,0.518,0.452,0.452,0.476,0.531,0.549,0.428,0.409,0.471,0.486,0.434,0.523,0.553,0.426,0.546,0.406,0.543,0.559,0.453,0.607,0.404,0.454,0.467,0.542,0.608,0.453,0.539,0.468,0.489,0.546,0.524,0.546,0.477,0.398,0.358,0.607,0.554,0.689,0.508,0.43,0.502,0.501,0.607,0.129,1,0.608,0.371,0.618,0.518,0.365,0.536,0.407,0.491,0.547,0.67,0.498,0.541,0.462,0.47,0.429,0.578,0.601,0.441,0.446,0.533,0.707,0.405,0.814,0.621
AHR::ARNT,0.574,0.516,0.574,0.532,0.511,1,0.147,1,0.533,0.584,0.58,0.595,0.593,0.531,0.521,0.641,0.52,0.536,0.536,0.54,0.482,0.447,0.399,0.492,0.599,0.499,1,0.53,0.492,0.557,0.503,0.513,0.452,0.452,0.477,0.457,0.54,0.498,0.501,0.486,0.511,0.303,0.575,0.536,0.417,0.522,0.483,0.507,0.532,0.505,0.533,0.552,0.53,0.565,0.559,0.515,0.469,0.466,0.459,0.524,0.557,0.471,0.439,0.444,0.428,0.464,0.469,0.449,0.514,0.485,0.511,0.443,0.471,0.459,0.173,1,0.583,0.424,0.547,0.455,0.517,0.454,0.524,0.465,0.492,0.522,0.57,0.475,0.511,0.471,0.515,0.505,0.489,0.508,0.526,0.485,0.52,0.452,1,0.531
MTF1,0.542,0.439,0.542,0.419,0.557,1,0.207,1,0.559,0.407,0.413,0.516,0.574,0.504,0.387,0.542,0.455,0.371,0.371,0.493,0.338,0.312,0.321,0.301,0.465,0.44,0.53,1,0.317,0.396,0.403,0.366,0.291,0.291,0.33,0.345,0.393,0.301,0.3,0.417,0.384,0.453,0.433,0.456,0.265,0.408,0.304,0.603,0.511,0.552,0.664,0.38,0.46,0.528,0.435,0.613,0.29,0.34,0.325,0.421,0.514,0.343,0.392,0.386,0.327,0.381,0.624,0.562,0.379,0.45,0.55,0.668,0.61,0.577,0.495,1,0.388,0.314,0.549,0.426,0.428,0.619,0.472,0.319,0.355,0.485,0.422,0.294,0.39,0.552,0.466,0.47,0.406,0.433,0.506,0.633,0.54,0.59,1,0.696
NFKB1,0.424,0.454,0.424,0.494,0.402,0.814,0.095,0.814,0.436,0.552,0.542,0.509,0.518,0.479,0.494,0.532,0.444,0.542,0.542,0.454,0.49,0.492,0.483,0.515,0.507,0.476,0.492,0.317,1,0.529,0.442,0.472,0.514,0.514,0.549,0.491,0.558,0.526,0.475,0.466,0.494,0.223,0.518,0.451,0.463,0.464,0.49,0.375,0.55,0.404,0.374,0.505,0.433,0.43,0.513,0.408,0.473,0.424,0.443,0.419,0.477,0.427,0.411,0.421,0.444,0.361,0.334,0.325,0.399,0.399,0.332,0.312,0.327,0.315,0.081,1,0.494,0.406,0.46,0.411,0.361,0.303,0.405,0.489,0.456,0.515,0.483,0.494,0.532,0.313,0.392,0.423,0.462,0.482,0.413,0.383,0.474,0.324,0.814,0.358
REL,0.518,0.428,0.518,0.495,0.425,0.814,0.114,0.814,0.442,0.513,0.583,0.649,0.56,0.511,0.462,0.593,0.557,0.536,0.536,0.499,0.451,0.425,0.392,0.459,0.521,0.521,0.557,0.396,0.529,1,0.508,0.568,0.501,0.501,0.469,0.536,0.61,0.502,0.576,0.484,0.519,0.211,0.521,0.507,0.329,0.5,0.439,0.454,0.599,0.532,0.462,0.451,0.475,0.53,0.547,0.518,0.439,0.432,0.419,0.423,0.549,0.412,0.437,0.338,0.375,0.326,0.381,0.385,0.378,0.386,0.34,0.331,0.417,0.352,0.096,1,0.476,0.292,0.445,0.38,0.28,0.353,0.347,0.445,0.437,0.485,0.51,0.439,0.493,0.37,0.496,0.475,0.409,0.541,0.43,0.399,0.502,0.425,0.814,0.415
NFATC1,0.463,0.466,0.463,0.444,0.503,0.814,0.174,0.814,0.508,0.539,0.541,0.605,0.524,0.5,0.465,0.563,0.558,0.514,0.514,0.502,0.391,0.404,0.379,0.455,0.526,0.541,0.503,0.403,0.442,0.508,1,0.656,0.422,0.422,0.44,0.475,0.546,0.425,0.429,0.401,0.44,0.253,0.487,0.569,0.352,0.469,0.395,0.464,0.56,0.391,0.418,0.411,0.426,0.466,0.489,0.612,0.409,0.492,0.479,0.497,0.543,0.487,0.551,0.383,0.45,0.48,0.39,0.384,0.372,0.437,0.421,0.356,0.357,0.341,0.237,1,0.49,0.41,0.496,0.459,0.398,0.374,0.422,0.396,0.477,0.534,0.513,0.386,0.476,0.35,0.427,0.391,0.429,0.447,0.411,0.399,0.499,0.335,0.814,0.441
NFAT5,0.415,0.399,0.415,0.437,0.466,0.814,0.142,0.814,0.486,0.543,0.552,0.617,0.53,0.527,0.419,0.607,0.643,0.515,0.515,0.475,0.401,0.388,0.349,0.477,0.509,0.518,0.513,0.366,0.472,0.568,0.656,1,0.471,0.471,0.478,0.545,0.593,0.456,0.457,0.441,0.491,0.21,0.478,0.576,0.363,0.46,0.403,0.473,0.565,0.42,0.424,0.444,0.393,0.434,0.511,0.553,0.424,0.454,0.429,0.417,0.541,0.422,0.503,0.336,0.395,0.325,0.367,0.41,0.354,0.413,0.317,0.326,0.358,0.313,0.147,1,0.473,0.329,0.49,0.382,0.298,0.337,0.352,0.392,0.497,0.494,0.487,0.416,0.484,0.357,0.396,0.422,0.4,0.401,0.389,0.41,0.51,0.304,0.814,0.382
STAT1,0.397,0.565,0.397,0.506,0.372,0.814,0.136,0.814,0.431,0.526,0.489,0.433,0.47,0.439,0.477,0.469,0.404,0.532,0.532,0.434,0.44,0.558,0.402,0.459,0.468,0.452,0.452,0.291,0.514,0.501,0.422,0.471,1,1,0.63,0.646,0.647,0.595,0.538,0.4,0.442,0.168,0.473,0.462,0.481,0.432,0.536,0.328,0.523,0.413,0.348,0.509,0.472,0.404,0.499,0.386,0.504,0.459,0.495,0.456,0.43,0.464,0.461,0.441,0.557,0.424,0.265,0.24,0.41,0.416,0.357,0.241,0.23,0.26,0.16,1,0.538,0.498,0.452,0.372,0.48,0.233,0.459,0.517,0.488,0.472,0.455,0.486,0.545,0.222,0.313,0.342,0.554,0.453,0.373,0.242,0.504,0.245,0.814,0.307
STAT1::2,0.397,0.565,0.397,0.506,0.372,0.814,0.136,0.814,0.431,0.526,0.489,0.433,0.47,0.439,0.477,0.469,0.404,0.532,0.532,0.434,0.44,0.558,0.402,0.459,0.468,0.452,0.452,0.291,0.514,0.501,0.422,0.471,1,1,0.63,0.646,0.647,0.595,0.538,0.4,0.442,0.168,0.473,0.462,0.481,0.432,0.536,0.328,0.523,0.413,0.348,0.509,0.472,0.404,0.499,0.386,0.504,0.459,0.495,0.456,0.43,0.464,0.461,0.441,0.557,0.424,0.265,0.24,0.41,0.416,0.357,0.241,0.23,0.26,0.16,1,0.538,0.498,0.452,0.372,0.48,0.233,0.459,0.517,0.488,0.472,0.455,0.486,0.545,0.222,0.313,0.342,0.554,0.453,0.373,0.242,0.504,0.245,0.814,0.307
STAT3,0.459,0.597,0.459,0.52,0.411,1,0.143,1,0.48,0.579,0.562,0.481,0.51,0.473,0.517,0.514,0.441,0.572,0.572,0.458,0.47,0.558,0.402,0.497,0.504,0.476,0.477,0.33,0.549,0.469,0.44,0.478,0.63,0.63,1,0.58,0.649,0.515,0.457,0.423,0.466,0.184,0.516,0.473,0.522,0.464,0.541,0.367,0.525,0.366,0.366,0.546,0.467,0.409,0.506,0.408,0.554,0.514,0.546,0.508,0.452,0.484,0.452,0.457,0.58,0.442,0.297,0.296,0.439,0.437,0.434,0.3,0.254,0.333,0.18,1,0.574,0.562,0.479,0.387,0.479,0.266,0.471,0.565,0.488,0.51,0.51,0.534,0.597,0.272,0.374,0.389,0.565,0.482,0.391,0.278,0.482,0.276,1,0.331
STAT4,0.413,0.465,0.413,0.416,0.428,0.814,0.128,0.814,0.514,0.546,0.535,0.609,0.55,0.551,0.426,0.605,0.587,0.499,0.499,0.47,0.399,0.417,0.351,0.413,0.507,0.531,0.457,0.345,0.491,0.536,0.475,0.545,0.646,0.646,0.58,1,0.864,0.509,0.461,0.426,0.472,0.161,0.456,0.552,0.367,0.459,0.463,0.477,0.69,0.521,0.443,0.506,0.428,0.455,0.589,0.518,0.42,0.411,0.419,0.388,0.531,0.413,0.516,0.336,0.388,0.285,0.328,0.344,0.386,0.402,0.286,0.278,0.315,0.258,0.106,1,0.499,0.317,0.473,0.324,0.281,0.301,0.349,0.469,0.565,0.518,0.486,0.423,0.471,0.319,0.358,0.398,0.532,0.44,0.404,0.374,0.673,0.315,0.814,0.326
STAT6,0.48,0.466,0.48,0.466,0.483,1,0.122,1,0.539,0.609,0.603,0.649,0.664,0.564,0.489,0.639,0.619,0.596,0.596,0.524,0.431,0.455,0.401,0.492,0.54,0.549,0.54,0.393,0.558,0.61,0.546,0.593,0.647,0.647,0.649,0.864,1,0.571,0.608,0.525,0.514,0.208,0.541,0.578,0.43,0.531,0.49,0.515,0.669,0.546,0.475,0.543,0.443,0.536,0.595,0.54,0.472,0.462,0.453,0.462,0.58,0.477,0.534,0.367,0.439,0.355,0.382,0.398,0.425,0.441,0.348,0.358,0.379,0.349,0.124,1,0.544,0.364,0.498,0.382,0.334,0.37,0.404,0.488,0.569,0.554,0.542,0.485,0.539,0.377,0.42,0.435,0.508,0.551,0.482,0.419,0.589,0.371,1,0.389
IRF1,0.43,0.469,0.43,0.486,0.427,0.814,0.143,0.814,0.406,0.507,0.461,0.45,0.485,0.419,0.452,0.493,0.399,0.528,0.528,0.404,0.416,0.435,0.404,0.411,0.455,0.428,0.498,0.301,0.526,0.502,0.425,0.456,0.595,0.595,0.515,0.509,0.571,1,0.692,0.438,0.444,0.171,0.475,0.444,0.4,0.55,0.48,0.461,0.489,0.441,0.362,0.467,0.389,0.457,0.449,0.4,0.479,0.377,0.393,0.383,0.502,0.412,0.419,0.425,0.477,0.364,0.315,0.32,0.451,0.39,0.35,0.275,0.314,0.294,0.126,1,0.464,0.389,0.448,0.324,0.361,0.289,0.436,0.415,0.448,0.421,0.465,0.44,0.462,0.301,0.401,0.381,0.484,0.492,0.385,0.321,0.445,0.349,0.814,0.343
IRF3,0.433,0.397,0.433,0.443,0.395,0.814,0.118,0.814,0.393,0.458,0.456,0.514,0.457,0.399,0.411,0.461,0.397,0.5,0.5,0.396,0.366,0.361,0.353,0.416,0.425,0.409,0.501,0.3,0.475,0.576,0.429,0.457,0.538,0.538,0.457,0.461,0.608,0.692,1,0.387,0.477,0.16,0.508,0.455,0.348,0.462,0.434,0.38,0.482,0.401,0.361,0.478,0.358,0.528,0.402,0.402,0.432,0.348,0.366,0.373,0.422,0.321,0.35,0.33,0.37,0.328,0.322,0.335,0.328,0.338,0.361,0.273,0.311,0.261,0.138,1,0.458,0.289,0.395,0.298,0.309,0.297,0.366,0.414,0.356,0.383,0.455,0.366,0.475,0.315,0.454,0.369,0.381,0.487,0.411,0.332,0.423,0.339,0.814,0.331
HSF1,0.433,0.392,0.433,0.451,0.454,1,0.125,1,0.447,0.539,0.492,0.496,0.583,0.477,0.431,0.547,0.463,0.536,0.536,0.44,0.402,0.398,0.433,0.418,0.497,0.471,0.486,0.417,0.466,0.484,0.401,0.441,0.4,0.4,0.423,0.426,0.525,0.438,0.387,1,0.512,0.251,0.534,0.496,0.395,0.528,0.54,0.474,0.537,0.467,0.412,0.437,0.424,0.515,0.471,0.514,0.489,0.405,0.399,0.402,0.503,0.438,0.436,0.355,0.346,0.322,0.378,0.375,0.435,0.428,0.329,0.347,0.374,0.365,0.083,1,0.438,0.377,0.459,0.483,0.337,0.345,0.42,0.456,0.469,0.45,0.488,0.418,0.461,0.392,0.414,0.435,0.41,0.475,0.446,0.426,0.445,0.344,1,0.4
NFE2L2,0.453,0.406,0.453,0.513,0.445,1,0.105,1,0.479,0.558,0.531,0.519,0.514,0.48,0.449,0.54,0.463,0.515,0.515,0.442,0.429,0.407,0.432,0.462,0.502,0.486,0.511,0.384,0.494,0.519,0.44,0.491,0.442,0.442,0.466,0.472,0.514,0.444,0.477,0.512,1,0.233,0.613,0.555,0.467,0.518,0.481,0.453,0.568,0.422,0.424,0.504,0.427,0.53,0.503,0.458,0.472,0.409,0.4,0.394,0.469,0.42,0.416,0.4,0.389,0.359,0.381,0.398,0.427,0.4,0.37,0.339,0.369,0.336,0.07,1,0.474,0.322,0.454,0.365,0.334,0.361,0.398,0.553,0.448,0.468,0.548,0.484,0.574,0.395,0.454,0.461,0.469,0.466,0.473,0.423,0.461,0.336,1,0.388
MAF::NFE2,0.39,0.31,0.39,0.276,0.429,0.695,0.196,0.695,0.44,0.281,0.283,0.422,0.529,0.51,0.314,0.396,0.41,0.281,0.281,0.38,0.254,0.253,0.266,0.232,0.391,0.434,0.303,0.453,0.223,0.211,0.253,0.21,0.168,0.168,0.184,0.161,0.208,0.171,0.16,0.251,0.233,1,0.333,0.335,0.183,0.308,0.184,0.43,0.294,0.321,0.5,0.218,0.295,0.333,0.255,0.496,0.201,0.244,0.217,0.317,0.324,0.239,0.296,0.302,0.237,0.252,0.555,0.374,0.285,0.321,0.38,0.556,0.423,0.491,0.273,0.599,0.273,0.249,0.45,0.342,0.345,0.464,0.321,0.196,0.28,0.406,0.283,0.22,0.244,0.407,0.279,0.292,0.287,0.286,0.337,0.554,0.548,0.383,0.695,0.541
ATF4,0.524,0.512,0.524,0.534,0.508,1,0.129,1,0.524,0.576,0.545,0.547,0.58,0.519,0.537,0.565,0.485,0.556,0.556,0.511,0.536,0.512,0.491,0.504,0.543,0.523,0.575,0.433,0.518,0.521,0.487,0.478,0.473,0.473,0.516,0.456,0.541,0.475,0.508,0.534,0.613,0.333,1,0.605,0.524,0.583,0.511,0.457,0.544,0.444,0.454,0.547,0.494,0.548,0.504,0.52,0.58,0.472,0.469,0.534,0.487,0.463,0.471,0.483,0.476,0.489,0.428,0.41,0.483,0.492,0.498,0.398,0.403,0.415,0.142,1,0.56,0.475,0.571,0.47,0.498,0.412,0.552,0.587,0.481,0.552,0.565,0.502,0.547,0.407,0.551,0.512,0.488,0.587,0.5,0.444,0.494,0.378,1,0.468
ATF6,0.487,0.507,0.487,0.444,0.545,1,0.194,1,0.552,0.566,0.567,0.637,0.606,0.572,0.472,0.619,0.608,0.499,0.499,0.545,0.409,0.444,0.394,0.471,0.541,0.553,0.536,0.456,0.451,0.507,0.569,0.576,0.462,0.462,0.473,0.552,0.578,0.444,0.455,0.496,0.555,0.335,0.605,1,0.421,0.546,0.444,0.553,0.595,0.455,0.49,0.439,0.429,0.507,0.506,0.608,0.495,0.496,0.454,0.485,0.541,0.489,0.537,0.416,0.43,0.409,0.457,0.457,0.41,0.531,0.541,0.429,0.429,0.4,0.209,1,0.484,0.405,0.541,0.464,0.437,0.425,0.524,0.472,0.501,0.554,0.513,0.4,0.453,0.449,0.467,0.446,0.487,0.475,0.436,0.459,0.558,0.373,1,0.501
XBP1,0.327,0.411,0.327,0.455,0.368,0.814,0.144,0.814,0.403,0.497,0.423,0.348,0.406,0.376,0.48,0.389,0.327,0.469,0.469,0.365,0.405,0.516,0.4,0.495,0.44,0.426,0.417,0.265,0.463,0.329,0.352,0.363,0.481,0.481,0.522,0.367,0.43,0.4,0.348,0.395,0.467,0.183,0.524,0.421,1,0.383,0.438,0.262,0.36,0.309,0.293,0.407,0.478,0.371,0.434,0.341,0.45,0.4,0.434,0.445,0.384,0.452,0.381,0.405,0.49,0.422,0.234,0.236,0.456,0.388,0.384,0.24,0.175,0.269,0.183,1,0.505,0.5,0.437,0.362,0.458,0.207,0.421,0.493,0.442,0.478,0.401,0.49,0.507,0.195,0.346,0.353,0.466,0.462,0.384,0.228,0.332,0.215,0.814,0.28
E2F1,0.534,0.498,0.534,0.562,0.543,0.939,0.131,0.939,0.499,0.585,0.535,0.562,0.593,0.535,0.533,0.587,0.519,0.597,0.597,0.508,0.466,0.484,0.474,0.458,0.559,0.546,0.522,0.408,0.464,0.5,0.469,0.46,0.432,0.432,0.464,0.459,0.531,0.55,0.462,0.528,0.518,0.308,0.583,0.546,0.383,1,0.529,0.613,0.515,0.512,0.47,0.451,0.441,0.62,0.512,0.507,0.568,0.441,0.406,0.45,0.498,0.522,0.513,0.463,0.424,0.36,0.472,0.439,0.495,0.533,0.418,0.435,0.474,0.437,0.092,1,0.499,0.392,0.539,0.436,0.404,0.422,0.506,0.503,0.518,0.536,0.553,0.452,0.49,0.43,0.469,0.482,0.499,0.507,0.506,0.482,0.525,0.383,0.939,0.488
MYC,0.432,0.546,0.432,0.526,0.416,1,0.141,1,0.367,0.565,0.531,0.434,0.417,0.377,0.455,0.457,0.386,0.539,0.539,0.402,0.413,0.457,0.386,0.439,0.457,0.406,0.483,0.304,0.49,0.439,0.395,0.403,0.536,0.536,0.541,0.463,0.49,0.48,0.434,0.54,0.481,0.184,0.511,0.444,0.438,0.529,1,0.388,0.455,0.417,0.351,0.458,0.439,0.473,0.45,0.411,0.613,0.454,0.512,0.436,0.43,0.504,0.441,0.406,0.483,0.405,0.296,0.289,0.417,0.435,0.351,0.273,0.27,0.277,0.115,1,0.458,0.523,0.407,0.412,0.462,0.271,0.47,0.501,0.455,0.411,0.485,0.424,0.554,0.343,0.388,0.374,0.465,0.43,0.404,0.288,0.369,0.265,1,0.323
MYBL2,0.546,0.393,0.546,0.441,0.598,1,0.215,1,0.567,0.488,0.495,0.648,0.645,0.572,0.409,0.614,0.611,0.47,0.47,0.521,0.386,0.363,0.401,0.385,0.539,0.543,0.507,0.603,0.375,0.454,0.464,0.473,0.328,0.328,0.367,0.477,0.515,0.461,0.38,0.474,0.453,0.43,0.457,0.553,0.262,0.613,0.388,1,0.557,0.588,0.681,0.397,0.404,0.61,0.473,0.618,0.372,0.359,0.319,0.36,0.578,0.424,0.478,0.364,0.291,0.279,0.722,0.628,0.435,0.526,0.36,0.653,0.677,0.556,0.104,1,0.416,0.262,0.542,0.382,0.297,0.626,0.382,0.342,0.483,0.453,0.497,0.357,0.394,0.667,0.497,0.494,0.443,0.422,0.527,0.679,0.623,0.607,1,0.652
FOS::JUN,0.491,0.435,0.491,0.458,0.5,1,0.106,1,0.56,0.572,0.578,0.642,0.607,0.577,0.44,0.675,0.611,0.523,0.523,0.527,0.437,0.421,0.404,0.475,0.566,0.559,0.532,0.511,0.55,0.599,0.56,0.565,0.523,0.523,0.525,0.69,0.669,0.489,0.482,0.537,0.568,0.294,0.544,0.595,0.36,0.515,0.455,0.557,1,0.566,0.538,0.546,0.441,0.55,0.558,0.575,0.449,0.517,0.487,0.423,0.588,0.448,0.52,0.379,0.375,0.339,0.48,0.47,0.421,0.467,0.365,0.442,0.471,0.397,0.078,1,0.521,0.308,0.55,0.429,0.321,0.451,0.403,0.493,0.522,0.521,0.538,0.433,0.516,0.47,0.471,0.477,0.503,0.515,0.497,0.528,0.608,0.472,1,0.475
FOSL1,0.504,0.367,0.504,0.425,0.503,1,0.1,1,0.483,0.492,0.465,0.526,0.546,0.482,0.383,0.555,0.493,0.456,0.456,0.471,0.376,0.374,0.361,0.349,0.476,0.453,0.505,0.552,0.404,0.532,0.391,0.42,0.413,0.413,0.366,0.521,0.546,0.441,0.401,0.467,0.422,0.321,0.444,0.455,0.309,0.512,0.417,0.588,0.566,1,0.595,0.434,0.438,0.583,0.473,0.534,0.352,0.319,0.316,0.348,0.517,0.392,0.482,0.331,0.316,0.283,0.526,0.52,0.412,0.446,0.359,0.485,0.553,0.429,0.083,0.918,0.389,0.276,0.477,0.342,0.285,0.498,0.368,0.347,0.469,0.406,0.449,0.358,0.415,0.502,0.462,0.473,0.399,0.482,0.539,0.554,0.492,0.534,1,0.525
ELK1,0.633,0.516,0.633,0.479,0.616,1,0.133,1,0.58,0.466,0.473,0.597,0.713,0.708,0.435,0.632,0.521,0.474,0.474,0.6,0.433,0.417,0.422,0.387,0.577,0.607,0.533,0.664,0.374,0.462,0.418,0.424,0.348,0.348,0.366,0.443,0.475,0.362,0.361,0.412,0.424,0.5,0.454,0.49,0.293,0.47,0.351,0.681,0.538,0.595,1,0.405,0.515,0.546,0.545,0.602,0.329,0.425,0.396,0.385,0.563,0.398,0.479,0.495,0.312,0.35,0.863,0.621,0.462,0.59,0.453,0.705,0.651,0.671,0.135,1,0.431,0.298,0.674,0.468,0.37,0.64,0.393,0.387,0.535,0.555,0.451,0.39,0.395,0.643,0.502,0.51,0.478,0.448,0.517,0.671,0.753,0.613,1,0.803
EGR1,0.461,0.454,0.461,0.485,0.437,1,0.125,1,0.457,0.515,0.485,0.465,0.478,0.421,0.457,0.502,0.39,0.476,0.476,0.415,0.43,0.409,0.394,0.443,0.441,0.404,0.552,0.38,0.505,0.451,0.411,0.444,0.509,0.509,0.546,0.506,0.543,0.467,0.478,0.437,0.504,0.218,0.547,0.439,0.407,0.451,0.458,0.397,0.546,0.434,0.405,1,0.454,0.496,0.504,0.419,0.454,0.389,0.447,0.442,0.451,0.384,0.403,0.387,0.417,0.39,0.351,0.372,0.409,0.391,0.433,0.329,0.345,0.341,0.128,1,0.521,0.401,0.458,0.353,0.45,0.353,0.424,0.473,0.404,0.407,0.515,0.475,0.572,0.344,0.422,0.452,0.444,0.451,0.491,0.389,0.436,0.331,1,0.378
SRF,0.536,0.519,0.536,0.519,0.508,0.814,0.171,0.814,0.479,0.495,0.474,0.41,0.526,0.495,0.463,0.484,0.363,0.466,0.466,0.486,0.443,0.47,0.423,0.406,0.478,0.454,0.53,0.46,0.433,0.475,0.426,0.393,0.472,0.472,0.467,0.428,0.443,0.389,0.358,0.424,0.427,0.295,0.494,0.429,0.478,0.441,0.439,0.404,0.441,0.438,0.515,0.454,1,0.512,0.499,0.474,0.418,0.438,0.5,0.539,0.45,0.454,0.431,0.474,0.458,0.535,0.447,0.376,0.468,0.54,0.515,0.436,0.351,0.471,0.243,1,0.494,0.471,0.567,0.54,0.502,0.375,0.484,0.477,0.482,0.488,0.454,0.453,0.473,0.371,0.444,0.445,0.471,0.497,0.457,0.35,0.471,0.333,0.814,0.499
ATF2,0.575,0.451,0.575,0.552,0.527,1,0.129,1,0.518,0.514,0.499,0.564,0.557,0.472,0.454,0.567,0.506,0.499,0.499,0.481,0.399,0.399,0.4,0.388,0.511,0.467,0.565,0.528,0.43,0.53,0.466,0.434,0.404,0.404,0.409,0.455,0.536,0.457,0.528,0.515,0.53,0.333,0.548,0.507,0.371,0.62,0.473,0.61,0.55,0.583,0.546,0.496,0.512,1,0.457,0.528,0.435,0.358,0.363,0.46,0.529,0.425,0.463,0.377,0.365,0.408,0.545,0.508,0.428,0.493,0.492,0.531,0.53,0.457,0.152,1,0.478,0.335,0.491,0.395,0.406,0.503,0.455,0.436,0.469,0.433,0.539,0.36,0.506,0.535,0.552,0.498,0.434,0.527,0.608,0.545,0.481,0.501,1,0.536
CREB1,0.459,0.444,0.459,0.465,0.484,0.814,0.11,0.814,0.517,0.595,0.593,0.553,0.598,0.559,0.477,0.612,0.507,0.576,0.576,0.581,0.506,0.507,0.45,0.523,0.559,0.542,0.559,0.435,0.513,0.547,0.489,0.511,0.499,0.499,0.506,0.589,0.595,0.449,0.402,0.471,0.503,0.255,0.504,0.506,0.434,0.512,0.45,0.473,0.558,0.473,0.545,0.504,0.499,0.457,1,0.497,0.463,0.522,0.469,0.413,0.543,0.474,0.475,0.432,0.391,0.354,0.446,0.435,0.502,0.462,0.35,0.368,0.427,0.403,0.103,1,0.517,0.371,0.547,0.446,0.326,0.422,0.389,0.496,0.501,0.538,0.59,0.568,0.48,0.399,0.417,0.647,0.475,0.473,0.46,0.465,0.545,0.377,0.814,0.458
TEAD1,0.529,0.463,0.529,0.441,0.616,0.814,0.209,0.814,0.674,0.548,0.546,0.698,0.651,0.646,0.491,0.641,0.662,0.494,0.494,0.579,0.399,0.388,0.408,0.421,0.562,0.608,0.515,0.613,0.408,0.518,0.612,0.553,0.386,0.386,0.408,0.518,0.54,0.4,0.402,0.514,0.458,0.496,0.52,0.608,0.341,0.507,0.411,0.618,0.575,0.534,0.602,0.419,0.474,0.528,0.497,1,0.428,0.491,0.444,0.522,0.644,0.477,0.533,0.435,0.422,0.444,0.598,0.558,0.44,0.48,0.509,0.55,0.564,0.492,0.278,1,0.485,0.413,0.604,0.522,0.47,0.572,0.498,0.384,0.517,0.597,0.487,0.374,0.419,0.587,0.54,0.469,0.484,0.47,0.506,0.639,0.635,0.489,0.814,0.636
TP53,0.402,0.512,0.402,0.488,0.388,0.939,0.141,0.939,0.401,0.545,0.521,0.443,0.44,0.414,0.478,0.468,0.416,0.516,0.516,0.439,0.45,0.512,0.398,0.469,0.484,0.453,0.469,0.29,0.473,0.439,0.409,0.424,0.504,0.504,0.554,0.42,0.472,0.479,0.432,0.489,0.472,0.201,0.58,0.495,0.45,0.568,0.613,0.372,0.449,0.352,0.329,0.454,0.418,0.435,0.463,0.428,1,0.481,0.503,0.431,0.405,0.504,0.425,0.455,0.527,0.426,0.308,0.262,0.44,0.434,0.348,0.278,0.273,0.289,0.115,1,0.481,0.523,0.424,0.398,0.465,0.266,0.479,0.533,0.466,0.488,0.524,0.442,0.527,0.297,0.382,0.397,0.464,0.446,0.343,0.279,0.401,0.262,0.939,0.333
SMAD2::3::4,0.547,0.583,0.547,0.519,0.475,0.814,0.156,0.814,0.514,0.549,0.541,0.479,0.547,0.516,0.563,0.522,0.44,0.57,0.57,0.556,0.452,0.515,0.416,0.467,0.543,0.539,0.466,0.34,0.424,0.432,0.492,0.454,0.459,0.459,0.514,0.411,0.462,0.377,0.348,0.405,0.409,0.244,0.472,0.496,0.4,0.441,0.454,0.359,0.517,0.319,0.425,0.389,0.438,0.358,0.522,0.491,0.481,1,0.714,0.551,0.434,0.516,0.508,0.479,0.534,0.488,0.373,0.29,0.458,0.518,0.439,0.331,0.281,0.373,0.209,1,0.488,0.513,0.582,0.475,0.465,0.331,0.499,0.474,0.485,0.541,0.494,0.446,0.504,0.282,0.349,0.373,0.485,0.426,0.344,0.286,0.505,0.254,0.814,0.438
SMAD4,0.494,0.594,0.494,0.518,0.437,0.814,0.153,0.814,0.452,0.531,0.502,0.422,0.49,0.459,0.506,0.484,0.389,0.516,0.516,0.48,0.432,0.489,0.411,0.456,0.483,0.468,0.459,0.325,0.443,0.419,0.479,0.429,0.495,0.495,0.546,0.419,0.453,0.393,0.366,0.399,0.4,0.217,0.469,0.454,0.434,0.406,0.512,0.319,0.487,0.316,0.396,0.447,0.5,0.363,0.469,0.444,0.503,0.714,1,0.603,0.404,0.483,0.476,0.457,0.56,0.535,0.319,0.264,0.447,0.476,0.427,0.292,0.254,0.325,0.2,1,0.483,0.54,0.555,0.502,0.505,0.295,0.471,0.501,0.461,0.483,0.473,0.447,0.546,0.256,0.338,0.345,0.493,0.43,0.347,0.266,0.447,0.232,0.814,0.384
RBPJ,0.513,0.502,0.513,0.497,0.489,0.814,0.191,0.814,0.499,0.53,0.475,0.464,0.547,0.475,0.554,0.482,0.426,0.514,0.514,0.508,0.413,0.469,0.429,0.431,0.493,0.489,0.524,0.421,0.419,0.423,0.497,0.417,0.456,0.456,0.508,0.388,0.462,0.383,0.373,0.402,0.394,0.317,0.534,0.485,0.445,0.45,0.436,0.36,0.423,0.348,0.385,0.442,0.539,0.46,0.413,0.522,0.431,0.551,0.603,1,0.423,0.522,0.566,0.438,0.514,0.541,0.367,0.321,0.44,0.493,0.518,0.373,0.318,0.403,0.271,1,0.529,0.523,0.553,0.517,0.544,0.375,0.503,0.441,0.486,0.514,0.463,0.432,0.54,0.297,0.423,0.356,0.481,0.469,0.456,0.326,0.46,0.267,0.814,0.476
TCF7,0.517,0.447,0.517,0.457,0.512,1,0.126,1,0.526,0.532,0.563,0.626,0.64,0.57,0.436,0.661,0.585,0.499,0.499,0.524,0.404,0.401,0.388,0.426,0.563,0.546,0.557,0.514,0.477,0.549,0.543,0.541,0.43,0.43,0.452,0.531,0.58,0.502,0.422,0.503,0.469,0.324,0.487,0.541,0.384,0.498,0.43,0.578,0.588,0.517,0.563,0.451,0.45,0.529,0.543,0.644,0.405,0.434,0.404,0.423,1,0.543,0.481,0.431,0.393,0.346,0.538,0.481,0.419,0.449,0.388,0.489,0.526,0.478,0.138,1,0.466,0.339,0.56,0.42,0.353,0.473,0.403,0.396,0.467,0.551,0.529,0.412,0.447,0.507,0.518,0.478,0.48,0.511,0.47,0.527,0.611,0.602,1,0.544
TCF7L2,0.468,0.574,0.468,0.503,0.464,1,0.162,1,0.459,0.548,0.531,0.472,0.519,0.451,0.528,0.495,0.455,0.534,0.534,0.497,0.422,0.533,0.442,0.486,0.535,0.524,0.471,0.343,0.427,0.412,0.487,0.422,0.464,0.464,0.484,0.413,0.477,0.412,0.321,0.438,0.42,0.239,0.463,0.489,0.452,0.522,0.504,0.424,0.448,0.392,0.398,0.384,0.454,0.425,0.474,0.477,0.504,0.516,0.483,0.522,0.543,1,0.526,0.477,0.506,0.483,0.375,0.363,0.566,0.48,0.476,0.355,0.314,0.386,0.188,1,0.481,0.509,0.487,0.439,0.5,0.333,0.508,0.497,0.519,0.566,0.502,0.47,0.483,0.318,0.36,0.404,0.538,0.434,0.401,0.316,0.451,0.279,1,0.435
GLI1,0.486,0.538,0.486,0.458,0.503,0.814,0.164,0.814,0.508,0.556,0.506,0.538,0.545,0.523,0.487,0.523,0.512,0.536,0.536,0.508,0.392,0.441,0.399,0.42,0.524,0.546,0.439,0.392,0.411,0.437,0.551,0.503,0.461,0.461,0.452,0.516,0.534,0.419,0.35,0.436,0.416,0.296,0.471,0.537,0.381,0.513,0.441,0.478,0.52,0.482,0.479,0.403,0.431,0.463,0.475,0.533,0.425,0.508,0.476,0.566,0.481,0.526,1,0.436,0.44,0.453,0.462,0.388,0.417,0.521,0.41,0.403,0.354,0.391,0.21,1,0.5,0.436,0.573,0.44,0.445,0.412,0.451,0.401,0.535,0.55,0.47,0.395,0.457,0.354,0.39,0.373,0.492,0.431,0.436,0.392,0.545,0.285,0.814,0.495
GATA1,0.505,0.527,0.505,0.513,0.474,0.814,0.236,0.814,0.43,0.536,0.425,0.381,0.551,0.544,0.465,0.458,0.336,0.504,0.504,0.469,0.429,0.479,0.44,0.444,0.488,0.477,0.444,0.386,0.421,0.338,0.383,0.336,0.441,0.441,0.457,0.336,0.367,0.425,0.33,0.355,0.4,0.302,0.483,0.416,0.405,0.463,0.406,0.364,0.379,0.331,0.495,0.387,0.474,0.377,0.432,0.435,0.455,0.479,0.457,0.438,0.431,0.477,0.436,1,0.504,0.523,0.468,0.327,0.485,0.499,0.459,0.403,0.299,0.472,0.245,1,0.423,0.452,0.578,0.456,0.501,0.323,0.477,0.463,0.425,0.496,0.418,0.435,0.458,0.304,0.365,0.353,0.56,0.485,0.366,0.303,0.489,0.274,0.814,0.501
GATA3,0.45,0.557,0.45,0.51,0.427,0.814,0.215,0.814,0.4,0.536,0.443,0.351,0.409,0.374,0.531,0.376,0.326,0.523,0.523,0.441,0.413,0.546,0.372,0.435,0.415,0.398,0.428,0.327,0.444,0.375,0.45,0.395,0.557,0.557,0.58,0.388,0.439,0.477,0.37,0.346,0.389,0.237,0.476,0.43,0.49,0.424,0.483,0.291,0.375,0.316,0.312,0.417,0.458,0.365,0.391,0.422,0.527,0.534,0.56,0.514,0.393,0.506,0.44,0.504,1,0.55,0.286,0.21,0.445,0.452,0.473,0.287,0.203,0.31,0.264,1,0.5,0.589,0.451,0.429,0.575,0.265,0.53,0.472,0.429,0.447,0.453,0.452,0.531,0.209,0.341,0.285,0.492,0.494,0.351,0.203,0.375,0.211,0.814,0.385
GATA4,0.497,0.533,0.497,0.474,0.451,0.939,0.244,0.939,0.429,0.496,0.402,0.349,0.403,0.352,0.462,0.351,0.285,0.422,0.422,0.448,0.341,0.45,0.345,0.371,0.401,0.358,0.464,0.381,0.361,0.326,0.48,0.325,0.424,0.424,0.442,0.285,0.355,0.364,0.328,0.322,0.359,0.252,0.489,0.409,0.422,0.36,0.405,0.279,0.339,0.283,0.35,0.39,0.535,0.408,0.354,0.444,0.426,0.488,0.535,0.541,0.346,0.483,0.453,0.523,0.55,1,0.317,0.251,0.446,0.45,0.509,0.308,0.221,0.332,0.272,1,0.458,0.49,0.445,0.479,0.545,0.321,0.479,0.429,0.367,0.435,0.401,0.353,0.486,0.227,0.364,0.296,0.416,0.45,0.399,0.231,0.336,0.213,0.939,0.428
ONECUT1,0.626,0.463,0.626,0.446,0.612,0.939,0.149,0.939,0.555,0.417,0.421,0.571,0.698,0.659,0.422,0.56,0.492,0.435,0.435,0.557,0.383,0.376,0.406,0.349,0.568,0.607,0.469,0.624,0.334,0.381,0.39,0.367,0.265,0.265,0.297,0.328,0.382,0.315,0.322,0.378,0.381,0.555,0.428,0.457,0.234,0.472,0.296,0.722,0.48,0.526,0.863,0.351,0.447,0.545,0.446,0.598,0.308,0.373,0.319,0.367,0.538,0.375,0.462,0.468,0.286,0.317,1,0.62,0.425,0.545,0.421,0.798,0.706,0.715,0.155,1,0.405,0.267,0.622,0.452,0.349,0.659,0.377,0.339,0.427,0.536,0.424,0.336,0.364,0.663,0.479,0.456,0.462,0.416,0.485,0.701,0.784,0.595,0.939,0.84
HNF1A,0.483,0.32,0.483,0.385,0.542,1,0.091,1,0.574,0.398,0.422,0.546,0.576,0.502,0.395,0.532,0.473,0.383,0.383,0.471,0.359,0.333,0.413,0.36,0.555,0.554,0.449,0.562,0.325,0.385,0.384,0.41,0.24,0.24,0.296,0.344,0.398,0.32,0.335,0.375,0.398,0.374,0.41,0.457,0.236,0.439,0.289,0.628,0.47,0.52,0.621,0.372,0.376,0.508,0.435,0.558,0.262,0.29,0.264,0.321,0.481,0.363,0.388,0.327,0.21,0.251,0.62,1,0.49,0.399,0.428,0.547,0.606,0.523,0.073,1,0.376,0.186,0.484,0.343,0.265,0.574,0.327,0.369,0.348,0.386,0.414,0.34,0.366,0.584,0.462,0.486,0.45,0.375,0.486,0.622,0.545,0.519,1,0.598
HNF4A,0.534,0.523,0.534,0.49,0.531,1,0.139,1,0.578,0.496,0.463,0.443,0.562,0.484,0.656,0.495,0.397,0.483,0.483,0.573,0.533,0.595,0.582,0.57,0.721,0.689,0.514,0.379,0.399,0.378,0.372,0.354,0.41,0.41,0.439,0.386,0.425,0.451,0.328,0.435,0.427,0.285,0.483,0.41,0.456,0.495,0.417,0.435,0.421,0.412,0.462,0.409,0.468,0.428,0.502,0.44,0.44,0.458,0.447,0.44,0.419,0.566,0.417,0.485,0.445,0.446,0.425,0.49,1,0.459,0.533,0.379,0.362,0.476,0.174,1,0.621,0.425,0.528,0.424,0.49,0.46,0.515,0.489,0.453,0.479,0.522,0.593,0.444,0.385,0.377,0.522,0.617,0.421,0.423,0.398,0.467,0.325,1,0.472
FOXA1,0.586,0.589,0.586,0.478,0.54,1,0.177,1,0.515,0.531,0.591,0.51,0.606,0.574,0.484,0.561,0.483,0.53,0.53,0.567,0.445,0.476,0.417,0.437,0.512,0.508,0.485,0.45,0.399,0.386,0.437,0.413,0.416,0.416,0.437,0.402,0.441,0.39,0.338,0.428,0.4,0.321,0.492,0.531,0.388,0.533,0.435,0.526,0.467,0.446,0.59,0.391,0.54,0.493,0.462,0.48,0.434,0.518,0.476,0.493,0.449,0.48,0.521,0.499,0.452,0.45,0.545,0.399,0.459,1,0.5,0.547,0.386,0.517,0.249,1,0.464,0.451,0.584,0.466,0.471,0.431,0.517,0.449,0.469,0.574,0.457,0.412,0.422,0.432,0.412,0.418,0.46,0.441,0.438,0.405,0.536,0.332,1,0.554
PAX6,0.604,0.604,0.604,0.492,0.543,1,0.221,1,0.524,0.421,0.376,0.36,0.461,0.397,0.523,0.374,0.279,0.431,0.431,0.504,0.372,0.443,0.39,0.36,0.446,0.43,0.511,0.55,0.332,0.34,0.421,0.317,0.357,0.357,0.434,0.286,0.348,0.35,0.361,0.329,0.37,0.38,0.498,0.541,0.384,0.418,0.351,0.36,0.365,0.359,0.453,0.433,0.515,0.492,0.35,0.509,0.348,0.439,0.427,0.518,0.388,0.476,0.41,0.459,0.473,0.509,0.421,0.428,0.533,0.5,1,0.481,0.322,0.504,0.407,1,0.466,0.433,0.541,0.438,0.537,0.44,0.595,0.457,0.353,0.463,0.43,0.378,0.457,0.316,0.433,0.372,0.487,0.488,0.459,0.327,0.401,0.296,1,0.554
NEUROG2,0.56,0.422,0.56,0.402,0.542,1,0.172,1,0.524,0.397,0.405,0.531,0.632,0.548,0.391,0.52,0.511,0.383,0.383,0.487,0.347,0.342,0.361,0.317,0.488,0.502,0.443,0.668,0.312,0.331,0.356,0.326,0.241,0.241,0.3,0.278,0.358,0.275,0.273,0.347,0.339,0.556,0.398,0.429,0.24,0.435,0.273,0.653,0.442,0.485,0.705,0.329,0.436,0.531,0.368,0.55,0.278,0.331,0.292,0.373,0.489,0.355,0.403,0.403,0.287,0.308,0.798,0.547,0.379,0.547,0.481,1,0.637,0.786,0.353,0.814,0.376,0.284,0.602,0.405,0.365,0.622,0.383,0.286,0.347,0.56,0.405,0.296,0.349,0.582,0.424,0.418,0.412,0.388,0.471,0.646,0.622,0.592,1,0.748
NFIA,0.516,0.307,0.516,0.39,0.516,0.939,0.066,0.939,0.599,0.398,0.428,0.56,0.637,0.544,0.361,0.58,0.501,0.376,0.376,0.509,0.349,0.278,0.364,0.305,0.503,0.501,0.471,0.61,0.327,0.417,0.357,0.358,0.23,0.23,0.254,0.315,0.379,0.314,0.311,0.374,0.369,0.423,0.403,0.429,0.175,0.474,0.27,0.677,0.471,0.553,0.651,0.345,0.351,0.53,0.427,0.564,0.273,0.281,0.254,0.318,0.526,0.314,0.354,0.299,0.203,0.221,0.706,0.606,0.362,0.386,0.322,0.637,1,0.554,0.062,1,0.33,0.165,0.477,0.331,0.254,0.633,0.328,0.28,0.308,0.381,0.42,0.293,0.34,0.622,0.451,0.486,0.361,0.382,0.516,0.701,0.611,0.619,0.939,0.665
IRX3,0.605,0.455,0.605,0.426,0.57,1,0.172,1,0.561,0.386,0.394,0.478,0.694,0.582,0.454,0.512,0.428,0.408,0.408,0.523,0.384,0.387,0.425,0.367,0.561,0.607,0.459,0.577,0.315,0.352,0.341,0.313,0.26,0.26,0.333,0.258,0.349,0.294,0.261,0.365,0.336,0.491,0.415,0.4,0.269,0.437,0.277,0.556,0.397,0.429,0.671,0.341,0.471,0.457,0.403,0.492,0.289,0.373,0.325,0.403,0.478,0.386,0.391,0.472,0.31,0.332,0.715,0.523,0.476,0.517,0.504,0.786,0.554,1,0.325,0.814,0.397,0.321,0.625,0.464,0.392,0.548,0.418,0.404,0.358,0.579,0.411,0.374,0.347,0.499,0.39,0.436,0.461,0.41,0.415,0.518,0.646,0.464,1,0.754
GBX2,0.224,0.303,0.224,0.186,0.236,0.066,0.322,0.066,0.243,0.133,0.083,0.099,0.117,0.116,0.235,0.068,0.092,0.146,0.146,0.196,0.111,0.147,0.108,0.11,0.103,0.129,0.173,0.495,0.081,0.096,0.237,0.147,0.16,0.16,0.18,0.106,0.124,0.126,0.138,0.083,0.07,0.273,0.142,0.209,0.183,0.092,0.115,0.104,0.078,0.083,0.135,0.128,0.243,0.152,0.103,0.278,0.115,0.209,0.2,0.271,0.138,0.188,0.21,0.245,0.264,0.272,0.155,0.073,0.174,0.249,0.407,0.353,0.062,0.325,1,0.052,0.207,0.272,0.262,0.257,0.312,0.223,0.299,0.152,0.143,0.282,0.15,0.124,0.14,0.073,0.159,0.083,0.217,0.219,0.142,0.048,0.134,0.094,0.066,0.372
OTX1,1,1,1,1,1,0.814,0.062,0.814,1,1,1,1,1,1,1,1,0.814,1,1,1,1,1,1,1,1,1,1,1,1,1,1,1,1,1,1,1,1,1,1,1,1,0.599,1,1,1,1,1,1,1,0.918,1,1,1,1,1,1,1,1,1,1,1,1,1,1,1,1,1,1,1,1,1,0.814,1,0.814,0.052,1,1,1,1,1,1,1,1,1,1,1,1,1,1,1,1,1,1,1,1,0.931,1,0.814,0.814,0.931
RORA,0.487,0.512,0.487,0.531,0.498,0.939,0.134,0.939,0.527,0.576,0.567,0.538,0.562,0.508,0.584,0.56,0.491,0.556,0.556,0.565,0.572,0.568,0.507,0.633,0.663,0.608,0.583,0.388,0.494,0.476,0.49,0.473,0.538,0.538,0.574,0.499,0.544,0.464,0.458,0.438,0.474,0.273,0.56,0.484,0.505,0.499,0.458,0.416,0.521,0.389,0.431,0.521,0.494,0.478,0.517,0.485,0.481,0.488,0.483,0.529,0.466,0.481,0.5,0.423,0.5,0.458,0.405,0.376,0.621,0.464,0.466,0.376,0.33,0.397,0.207,1,1,0.432,0.523,0.44,0.442,0.394,0.454,0.499,0.503,0.528,0.532,0.63,0.566,0.353,0.419,0.451,0.556,0.489,0.454,0.4,0.5,0.323,0.939,0.43
SOX9,0.412,0.567,0.412,0.498,0.44,0.814,0.229,0.814,0.386,0.525,0.395,0.312,0.394,0.358,0.513,0.359,0.29,0.476,0.476,0.424,0.402,0.515,0.359,0.432,0.387,0.371,0.424,0.314,0.406,0.292,0.41,0.329,0.498,0.498,0.562,0.317,0.364,0.389,0.289,0.377,0.322,0.249,0.475,0.405,0.5,0.392,0.523,0.262,0.308,0.276,0.298,0.401,0.471,0.335,0.371,0.413,0.523,0.513,0.54,0.523,0.339,0.509,0.436,0.452,0.589,0.49,0.267,0.186,0.425,0.451,0.433,0.284,0.165,0.321,0.272,1,0.432,1,0.502,0.445,0.562,0.252,0.539,0.467,0.42,0.435,0.409,0.425,0.491,0.194,0.321,0.256,0.438,0.421,0.341,0.174,0.332,0.164,0.814,0.372
RUNX2,0.602,0.581,0.602,0.577,0.646,1,0.173,1,0.603,0.58,0.519,0.574,0.729,0.698,0.554,0.647,0.524,0.562,0.562,0.606,0.499,0.495,0.495,0.484,0.611,0.618,0.547,0.549,0.46,0.445,0.496,0.49,0.452,0.452,0.479,0.473,0.498,0.448,0.395,0.459,0.454,0.45,0.571,0.541,0.437,0.539,0.407,0.542,0.55,0.477,0.674,0.458,0.567,0.491,0.547,0.604,0.424,0.582,0.555,0.553,0.56,0.487,0.573,0.578,0.451,0.445,0.622,0.484,0.528,0.584,0.541,0.602,0.477,0.625,0.262,1,0.523,0.502,1,0.559,0.499,0.491,0.54,0.483,0.575,0.655,0.505,0.491,0.471,0.465,0.458,0.463,0.562,0.513,0.491,0.512,0.675,0.424,1,0.673
MEF2A,0.488,0.512,0.488,0.452,0.509,0.814,0.196,0.814,0.442,0.497,0.459,0.447,0.588,0.541,0.482,0.483,0.407,0.498,0.498,0.509,0.405,0.446,0.412,0.408,0.517,0.518,0.455,0.426,0.411,0.38,0.459,0.382,0.372,0.372,0.387,0.324,0.382,0.324,0.298,0.483,0.365,0.342,0.47,0.464,0.362,0.436,0.412,0.382,0.429,0.342,0.468,0.353,0.54,0.395,0.446,0.522,0.398,0.475,0.502,0.517,0.42,0.439,0.44,0.456,0.429,0.479,0.452,0.343,0.424,0.466,0.438,0.405,0.331,0.464,0.257,1,0.44,0.445,0.559,1,0.491,0.349,0.474,0.432,0.435,0.537,0.42,0.395,0.418,0.427,0.396,0.379,0.457,0.435,0.384,0.36,0.518,0.266,0.814,0.531
WT1,0.485,0.532,0.485,0.522,0.488,1,0.296,1,0.472,0.533,0.372,0.313,0.442,0.399,0.557,0.37,0.268,0.427,0.427,0.475,0.382,0.505,0.371,0.398,0.396,0.365,0.517,0.428,0.361,0.28,0.398,0.298,0.48,0.48,0.479,0.281,0.334,0.361,0.309,0.337,0.334,0.345,0.498,0.437,0.458,0.404,0.462,0.297,0.321,0.285,0.37,0.45,0.502,0.406,0.326,0.47,0.465,0.465,0.505,0.544,0.353,0.5,0.445,0.501,0.575,0.545,0.349,0.265,0.49,0.471,0.537,0.365,0.254,0.392,0.312,1,0.442,0.562,0.499,0.491,1,0.375,0.614,0.472,0.394,0.437,0.421,0.38,0.459,0.259,0.407,0.306,0.494,0.482,0.399,0.249,0.367,0.223,1,0.496
GRHL1,0.552,0.37,0.552,0.395,0.539,1,0.123,1,0.619,0.38,0.398,0.53,0.585,0.493,0.432,0.516,0.463,0.35,0.35,0.595,0.426,0.341,0.386,0.342,0.526,0.536,0.454,0.619,0.303,0.353,0.374,0.337,0.233,0.233,0.266,0.301,0.37,0.289,0.297,0.345,0.361,0.464,0.412,0.425,0.207,0.422,0.271,0.626,0.451,0.498,0.64,0.353,0.375,0.503,0.422,0.572,0.266,0.331,0.295,0.375,0.473,0.333,0.412,0.323,0.265,0.321,0.659,0.574,0.46,0.431,0.44,0.622,0.633,0.548,0.223,1,0.394,0.252,0.491,0.349,0.375,1,0.406,0.274,0.311,0.378,0.41,0.323,0.356,0.576,0.438,0.52,0.367,0.382,0.494,0.67,0.548,0.555,1,0.647
TFAP2A,0.561,0.568,0.561,0.552,0.542,1,0.197,1,0.485,0.532,0.408,0.374,0.474,0.408,0.574,0.415,0.321,0.471,0.471,0.514,0.4,0.468,0.395,0.409,0.437,0.407,0.524,0.472,0.405,0.347,0.422,0.352,0.459,0.459,0.471,0.349,0.404,0.436,0.366,0.42,0.398,0.321,0.552,0.524,0.421,0.506,0.47,0.382,0.403,0.368,0.393,0.424,0.484,0.455,0.389,0.498,0.479,0.499,0.471,0.503,0.403,0.508,0.451,0.477,0.53,0.479,0.377,0.327,0.515,0.517,0.595,0.383,0.328,0.418,0.299,1,0.454,0.539,0.54,0.474,0.614,0.406,1,0.476,0.403,0.458,0.431,0.404,0.466,0.31,0.419,0.359,0.497,0.498,0.442,0.318,0.406,0.274,1,0.525
FOXO1,0.438,0.502,0.438,0.506,0.447,0.814,0.145,0.814,0.463,0.506,0.481,0.407,0.516,0.455,0.472,0.474,0.373,0.502,0.502,0.454,0.481,0.532,0.464,0.508,0.51,0.491,0.465,0.319,0.489,0.445,0.396,0.392,0.517,0.517,0.565,0.469,0.488,0.415,0.414,0.456,0.553,0.196,0.587,0.472,0.493,0.503,0.501,0.342,0.493,0.347,0.387,0.473,0.477,0.436,0.496,0.384,0.533,0.474,0.501,0.441,0.396,0.497,0.401,0.463,0.472,0.429,0.339,0.369,0.489,0.449,0.457,0.286,0.28,0.404,0.152,1,0.499,0.467,0.483,0.432,0.472,0.274,0.476,1,0.448,0.527,0.474,0.498,0.477,0.288,0.443,0.467,0.563,0.467,0.367,0.302,0.448,0.257,0.814,0.395
NR4A1,0.448,0.504,0.448,0.515,0.486,0.814,0.171,0.814,0.508,0.58,0.532,0.566,0.6,0.618,0.48,0.625,0.545,0.55,0.55,0.524,0.426,0.489,0.399,0.48,0.531,0.547,0.492,0.355,0.456,0.437,0.477,0.497,0.488,0.488,0.488,0.565,0.569,0.448,0.356,0.469,0.448,0.28,0.481,0.501,0.442,0.518,0.455,0.483,0.522,0.469,0.535,0.404,0.482,0.469,0.501,0.517,0.466,0.485,0.461,0.486,0.467,0.519,0.535,0.425,0.429,0.367,0.427,0.348,0.453,0.469,0.353,0.347,0.308,0.358,0.143,1,0.503,0.42,0.575,0.435,0.394,0.311,0.403,0.448,1,0.657,0.445,0.461,0.459,0.335,0.358,0.386,0.494,0.391,0.483,0.397,0.544,0.28,0.814,0.437
NR4A2,0.531,0.535,0.531,0.485,0.527,0.814,0.173,0.814,0.549,0.612,0.574,0.611,0.714,0.715,0.548,0.638,0.585,0.586,0.586,0.618,0.501,0.512,0.477,0.544,0.631,0.67,0.522,0.485,0.515,0.485,0.534,0.494,0.472,0.472,0.51,0.518,0.554,0.421,0.383,0.45,0.468,0.406,0.552,0.554,0.478,0.536,0.411,0.453,0.521,0.406,0.555,0.407,0.488,0.433,0.538,0.597,0.488,0.541,0.483,0.514,0.551,0.566,0.55,0.496,0.447,0.435,0.536,0.386,0.479,0.574,0.463,0.56,0.381,0.579,0.282,1,0.528,0.435,0.655,0.537,0.437,0.378,0.458,0.527,0.657,1,0.492,0.482,0.454,0.379,0.444,0.438,0.519,0.45,0.42,0.432,0.663,0.331,0.814,0.563
CLOCK,0.504,0.467,0.504,0.476,0.494,1,0.147,1,0.493,0.591,0.606,0.563,0.563,0.492,0.487,0.589,0.519,0.536,0.536,0.503,0.499,0.489,0.431,0.5,0.532,0.498,0.57,0.422,0.483,0.51,0.513,0.487,0.455,0.455,0.51,0.486,0.542,0.465,0.455,0.488,0.548,0.283,0.565,0.513,0.401,0.553,0.485,0.497,0.538,0.449,0.451,0.515,0.454,0.539,0.59,0.487,0.524,0.494,0.473,0.463,0.529,0.502,0.47,0.418,0.453,0.401,0.424,0.414,0.522,0.457,0.43,0.405,0.42,0.411,0.15,1,0.532,0.409,0.505,0.42,0.421,0.41,0.431,0.474,0.445,0.492,1,0.559,0.526,0.406,0.479,0.527,0.475,0.501,0.456,0.43,0.468,0.401,1,0.441
NR1D1,0.433,0.481,0.433,0.509,0.435,0.814,0.109,0.814,0.466,0.522,0.525,0.447,0.561,0.503,0.529,0.497,0.404,0.512,0.512,0.485,0.622,0.607,0.533,0.625,0.555,0.541,0.475,0.294,0.494,0.439,0.386,0.416,0.486,0.486,0.534,0.423,0.485,0.44,0.366,0.418,0.484,0.22,0.502,0.4,0.49,0.452,0.424,0.357,0.433,0.358,0.39,0.475,0.453,0.36,0.568,0.374,0.442,0.446,0.447,0.432,0.412,0.47,0.395,0.435,0.452,0.353,0.336,0.34,0.593,0.412,0.378,0.296,0.293,0.374,0.124,1,0.63,0.425,0.491,0.395,0.38,0.323,0.404,0.498,0.461,0.482,0.559,1,0.483,0.286,0.341,0.503,0.526,0.439,0.368,0.327,0.444,0.265,0.814,0.367
HIF1A,0.487,0.51,0.487,0.548,0.437,1,0.114,1,0.45,0.592,0.562,0.499,0.489,0.43,0.533,0.475,0.415,0.555,0.555,0.447,0.463,0.506,0.425,0.502,0.494,0.462,0.511,0.39,0.532,0.493,0.476,0.484,0.545,0.545,0.597,0.471,0.539,0.462,0.475,0.461,0.574,0.244,0.547,0.453,0.507,0.49,0.554,0.394,0.516,0.415,0.395,0.572,0.473,0.506,0.48,0.419,0.527,0.504,0.546,0.54,0.447,0.483,0.457,0.458,0.531,0.486,0.364,0.366,0.444,0.422,0.457,0.349,0.34,0.347,0.14,1,0.566,0.491,0.471,0.418,0.459,0.356,0.466,0.477,0.459,0.454,0.526,0.483,1,0.361,0.452,0.422,0.489,0.483,0.547,0.373,0.432,0.315,1,0.382
NRF1,0.482,0.337,0.482,0.371,0.524,1,0.138,1,0.484,0.399,0.437,0.554,0.582,0.508,0.339,0.537,0.474,0.364,0.364,0.458,0.339,0.295,0.348,0.316,0.509,0.47,0.471,0.552,0.313,0.37,0.35,0.357,0.222,0.222,0.272,0.319,0.377,0.301,0.315,0.392,0.395,0.407,0.407,0.449,0.195,0.43,0.343,0.667,0.47,0.502,0.643,0.344,0.371,0.535,0.399,0.587,0.297,0.282,0.256,0.297,0.507,0.318,0.354,0.304,0.209,0.227,0.663,0.584,0.385,0.432,0.316,0.582,0.622,0.499,0.073,1,0.353,0.194,0.465,0.427,0.259,0.576,0.31,0.288,0.335,0.379,0.406,0.286,0.361,1,0.491,0.488,0.412,0.356,0.467,0.638,0.557,0.539,1,0.611
TFEB,0.544,0.426,0.544,0.451,0.491,0.939,0.21,0.939,0.486,0.467,0.477,0.52,0.509,0.438,0.438,0.5,0.419,0.438,0.438,0.451,0.454,0.365,0.366,0.355,0.47,0.429,0.515,0.466,0.392,0.496,0.427,0.396,0.313,0.313,0.374,0.358,0.42,0.401,0.454,0.414,0.454,0.279,0.551,0.467,0.346,0.469,0.388,0.497,0.471,0.462,0.502,0.422,0.444,0.552,0.417,0.54,0.382,0.349,0.338,0.423,0.518,0.36,0.39,0.365,0.341,0.364,0.479,0.462,0.377,0.412,0.433,0.424,0.451,0.39,0.159,1,0.419,0.321,0.458,0.396,0.407,0.438,0.419,0.443,0.358,0.444,0.479,0.341,0.452,0.491,1,0.541,0.405,0.497,0.476,0.477,0.447,0.487,0.939,0.497
SREBF1,0.473,0.374,0.473,0.425,0.473,1,0.091,1,0.495,0.466,0.499,0.5,0.546,0.479,0.493,0.564,0.445,0.438,0.438,0.549,0.569,0.453,0.523,0.493,0.592,0.578,0.505,0.47,0.423,0.475,0.391,0.422,0.342,0.342,0.389,0.398,0.435,0.381,0.369,0.435,0.461,0.292,0.512,0.446,0.353,0.482,0.374,0.494,0.477,0.473,0.51,0.452,0.445,0.498,0.647,0.469,0.397,0.373,0.345,0.356,0.478,0.404,0.373,0.353,0.285,0.296,0.456,0.486,0.522,0.418,0.372,0.418,0.486,0.436,0.083,1,0.451,0.256,0.463,0.379,0.306,0.52,0.359,0.467,0.386,0.438,0.527,0.503,0.422,0.488,0.541,1,0.405,0.416,0.513,0.559,0.475,0.428,1,0.475
CEBPA,0.505,0.546,0.505,0.548,0.511,0.939,0.184,0.939,0.522,0.535,0.478,0.455,0.577,0.52,0.586,0.506,0.407,0.51,0.51,0.5,0.462,0.557,0.518,0.503,0.614,0.601,0.489,0.406,0.462,0.409,0.429,0.4,0.554,0.554,0.565,0.532,0.508,0.484,0.381,0.41,0.469,0.287,0.488,0.487,0.466,0.499,0.465,0.443,0.503,0.399,0.478,0.444,0.471,0.434,0.475,0.484,0.464,0.485,0.493,0.481,0.48,0.538,0.492,0.56,0.492,0.416,0.462,0.45,0.617,0.46,0.487,0.412,0.361,0.461,0.217,1,0.556,0.438,0.562,0.457,0.494,0.367,0.497,0.563,0.494,0.519,0.475,0.526,0.489,0.412,0.405,0.405,1,0.505,0.404,0.372,0.563,0.308,0.939,0.515
CEBPB,0.518,0.468,0.518,0.513,0.501,0.939,0.212,0.939,0.447,0.525,0.469,0.445,0.547,0.435,0.474,0.48,0.399,0.514,0.514,0.47,0.434,0.471,0.434,0.416,0.476,0.441,0.508,0.433,0.482,0.541,0.447,0.401,0.453,0.453,0.482,0.44,0.551,0.492,0.487,0.475,0.466,0.286,0.587,0.475,0.462,0.507,0.43,0.422,0.515,0.482,0.448,0.451,0.497,0.527,0.473,0.47,0.446,0.426,0.43,0.469,0.511,0.434,0.431,0.485,0.494,0.45,0.416,0.375,0.421,0.441,0.488,0.388,0.382,0.41,0.219,1,0.489,0.421,0.513,0.435,0.482,0.382,0.498,0.467,0.391,0.45,0.501,0.439,0.483,0.356,0.497,0.416,0.505,1,0.467,0.376,0.423,0.404,0.939,0.475
SP1,0.521,0.405,0.521,0.528,0.525,1,0.095,1,0.518,0.484,0.458,0.516,0.55,0.467,0.47,0.524,0.445,0.479,0.479,0.516,0.397,0.392,0.395,0.394,0.481,0.446,0.526,0.506,0.413,0.43,0.411,0.389,0.373,0.373,0.391,0.404,0.482,0.385,0.411,0.446,0.473,0.337,0.5,0.436,0.384,0.506,0.404,0.527,0.497,0.539,0.517,0.491,0.457,0.608,0.46,0.506,0.343,0.344,0.347,0.456,0.47,0.401,0.436,0.366,0.351,0.399,0.485,0.486,0.423,0.438,0.459,0.471,0.516,0.415,0.142,1,0.454,0.341,0.491,0.384,0.399,0.494,0.442,0.367,0.483,0.42,0.456,0.368,0.547,0.467,0.476,0.513,0.404,0.467,1,0.626,0.496,0.429,1,0.502
NFYA,0.483,0.302,0.483,0.384,0.552,0.939,0.06,0.939,0.585,0.438,0.457,0.619,0.663,0.605,0.398,0.613,0.589,0.407,0.407,0.533,0.377,0.299,0.386,0.372,0.541,0.533,0.485,0.633,0.383,0.399,0.399,0.41,0.242,0.242,0.278,0.374,0.419,0.321,0.332,0.426,0.423,0.554,0.444,0.459,0.228,0.482,0.288,0.679,0.528,0.554,0.671,0.389,0.35,0.545,0.465,0.639,0.279,0.286,0.266,0.326,0.527,0.316,0.392,0.303,0.203,0.231,0.701,0.622,0.398,0.405,0.327,0.646,0.701,0.518,0.048,0.931,0.4,0.174,0.512,0.36,0.249,0.67,0.318,0.302,0.397,0.432,0.43,0.327,0.373,0.638,0.477,0.559,0.372,0.376,0.626,1,0.647,0.615,0.939,0.645
POU2F1,0.601,0.518,0.601,0.477,0.588,0.814,0.139,0.814,0.598,0.534,0.527,0.666,0.819,0.811,0.509,0.681,0.631,0.548,0.548,0.62,0.457,0.447,0.476,0.448,0.64,0.707,0.52,0.54,0.474,0.502,0.499,0.51,0.504,0.504,0.482,0.673,0.589,0.445,0.423,0.445,0.461,0.548,0.494,0.558,0.332,0.525,0.369,0.623,0.608,0.492,0.753,0.436,0.471,0.481,0.545,0.635,0.401,0.505,0.447,0.46,0.611,0.451,0.545,0.489,0.375,0.336,0.784,0.545,0.467,0.536,0.401,0.622,0.611,0.646,0.134,1,0.5,0.332,0.675,0.518,0.367,0.548,0.406,0.448,0.544,0.663,0.468,0.444,0.432,0.557,0.447,0.475,0.563,0.423,0.496,0.647,1,0.486,0.814,0.748
RFX1,0.465,0.279,0.465,0.335,0.451,1,0.098,1,0.445,0.352,0.406,0.505,0.548,0.456,0.291,0.523,0.481,0.324,0.324,0.422,0.302,0.28,0.287,0.284,0.43,0.405,0.452,0.59,0.324,0.425,0.335,0.304,0.245,0.245,0.276,0.315,0.371,0.349,0.339,0.344,0.336,0.383,0.378,0.373,0.215,0.383,0.265,0.607,0.472,0.534,0.613,0.331,0.333,0.501,0.377,0.489,0.262,0.254,0.232,0.267,0.602,0.279,0.285,0.274,0.211,0.213,0.595,0.519,0.325,0.332,0.296,0.592,0.619,0.464,0.094,0.814,0.323,0.164,0.424,0.266,0.223,0.555,0.274,0.257,0.28,0.331,0.401,0.265,0.315,0.539,0.487,0.428,0.308,0.404,0.429,0.615,0.486,1,1,0.562
HOMEZ,1,0.939,1,1,1,1,0.075,1,0.939,1,1,1,1,0.814,0.814,1,1,0.814,0.814,1,0.814,1,0.814,1,0.939,0.814,1,1,0.814,0.814,0.814,0.814,0.814,0.814,1,0.814,1,0.814,0.814,1,1,0.695,1,1,0.814,0.939,1,1,1,1,1,1,0.814,1,0.814,0.814,0.939,0.814,0.814,0.814,1,1,0.814,0.814,0.814,0.939,0.939,1,1,1,1,1,0.939,1,0.066,0.814,0.939,0.814,1,0.814,1,1,1,0.814,0.814,0.814,1,0.814,1,1,0.939,1,0.939,0.939,1,0.939,0.814,1,1,1
ETS2,0.675,0.535,0.675,0.5,0.653,1,0.235,1,0.592,0.458,0.438,0.559,0.726,0.663,0.501,0.571,0.49,0.465,0.465,0.612,0.417,0.409,0.439,0.376,0.588,0.621,0.531,0.696,0.358,0.415,0.441,0.382,0.307,0.307,0.331,0.326,0.389,0.343,0.331,0.4,0.388,0.541,0.468,0.501,0.28,0.488,0.323,0.652,0.475,0.525,0.803,0.378,0.499,0.536,0.458,0.636,0.333,0.438,0.384,0.476,0.544,0.435,0.495,0.501,0.385,0.428,0.84,0.598,0.472,0.554,0.554,0.748,0.665,0.754,0.372,0.931,0.43,0.372,0.673,0.531,0.496,0.647,0.525,0.395,0.437,0.563,0.441,0.367,0.382,0.611,0.497,0.475,0.515,0.475,0.502,0.645,0.748,0.562,1,1
